உடனே அவர் மடியில் ஏறி அமர்ந்துகொண்டு சமாதானப்படுத்த முயல்கிறது.	உட் உம் அவர் மடியில் ஏறி அமர்ந்துகொண்டு சமாதானப்படுத்த முயல்கின்றவள் .	3pln	3sgf	3	pl	n
உடனே அவர் மடியில் ஏறி அமர்ந்துகொண்டு சமாதானப்படுத்த முயல்கிறது.	உட் உம் அவர் மடியில் ஏறி அமர்ந்துகொண்டு சமாதானப்படுத்த முயல்கின்றவார் .	3pln	3sghe	3	pl	n
உடனே அவர் மடியில் ஏறி அமர்ந்துகொண்டு சமாதானப்படுத்த முயல்கிறது.	உட் உம் அவர் மடியில் ஏறி அமர்ந்துகொண்டு சமாதானப்படுத்த முயல்கின்றவன் .	3pln	3sgm	3	pl	n
அரசியல் பிரமுகர்கள் மற்றும் பொதுமக்கள் அன்னாரின் பூதவுடலுக்கு அஞ்சலி செலுத்தினர்.	அரசியல் பிரமுகர்கள் மற்றும் பொதுமக்கள் அன்னாரின் பூதவுடலுக்கு அஞ்சலி செலுத்தினோம் .	3sge	1pl	3	sg	e
அரசியல் பிரமுகர்கள் மற்றும் பொதுமக்கள் அன்னாரின் பூதவுடலுக்கு அஞ்சலி செலுத்தினர்.	அரசியல் பிரமுகர்கள் மற்றும் பொதுமக்கள் அன்னாரின் பூதவுடலுக்கு அஞ்சலி செலுத்தினீர்கள் .	3sge	2pl	3	sg	e
அரசியல் பிரமுகர்கள் மற்றும் பொதுமக்கள் அன்னாரின் பூதவுடலுக்கு அஞ்சலி செலுத்தினர்.	அரசியல் பிரமுகர்கள் மற்றும் பொதுமக்கள் அன்னாரின் பூதவுடலுக்கு அஞ்சலி செலுத்தினார்கள் .	3sge	3ple	3	sg	e
அரசியல் பிரமுகர்கள் மற்றும் பொதுமக்கள் அன்னாரின் பூதவுடலுக்கு அஞ்சலி செலுத்தினர்.	அரசியல் பிரமுகர்கள் மற்றும் பொதுமக்கள் அன்னாரின் பூதவுடலுக்கு அஞ்சலி செலுத்தினன .	3sge	3pln	3	sg	e
அரசியல் பிரமுகர்கள் மற்றும் பொதுமக்கள் அன்னாரின் பூதவுடலுக்கு அஞ்சலி செலுத்தினர்.	அரசியல் பிரமுகர்கள் மற்றும் பொதுமக்கள் அன்னாரின் பூதவுடலுக்கு அஞ்சலி செலுத்தினன் .	3sge	1sg	3	sg	e
அரசியல் பிரமுகர்கள் மற்றும் பொதுமக்கள் அன்னாரின் பூதவுடலுக்கு அஞ்சலி செலுத்தினர்.	அரசியல் பிரமுகர்கள் மற்றும் பொதுமக்கள் அன்னாரின் பூதவுடலுக்கு அஞ்சலி செலுத்தின்றேன் .	3sge	1sg	3	sg	e
அரசியல் பிரமுகர்கள் மற்றும் பொதுமக்கள் அன்னாரின் பூதவுடலுக்கு அஞ்சலி செலுத்தினர்.	அரசியல் பிரமுகர்கள் மற்றும் பொதுமக்கள் அன்னாரின் பூதவுடலுக்கு அஞ்சலி செலுத்தின்றன் .	3sge	1sg	3	sg	e
அரசியல் பிரமுகர்கள் மற்றும் பொதுமக்கள் அன்னாரின் பூதவுடலுக்கு அஞ்சலி செலுத்தினர்.	அரசியல் பிரமுகர்கள் மற்றும் பொதுமக்கள் அன்னாரின் பூதவுடலுக்கு அஞ்சலி செலுத்தினாய் .	3sge	2sg	3	sg	e
அரசியல் பிரமுகர்கள் மற்றும் பொதுமக்கள் அன்னாரின் பூதவுடலுக்கு அஞ்சலி செலுத்தினர்.	அரசியல் பிரமுகர்கள் மற்றும் பொதுமக்கள் அன்னாரின் பூதவுடலுக்கு அஞ்சலி செலுத்தினீர் .	3sge	2sgh	3	sg	e
அனைவருக்கும் சுபீட்சம் எனும் தொனிப்பொருளில் அவர் இங்கு விசேட உரை நிகழ்த்தினார்.	அனைவருக்க் உம் சுபீட்சம் எனும் தொனிப்பொருளில் அவர் இங்கு விசேட உரை நிகழ்த்தினோம் .	3sghe	1pl	3	sg	he
அனைவருக்கும் சுபீட்சம் எனும் தொனிப்பொருளில் அவர் இங்கு விசேட உரை நிகழ்த்தினார்.	அனைவருக்க் உம் சுபீட்சம் எனும் தொனிப்பொருளில் அவர் இங்கு விசேட உரை நிகழ்த்தினீர்கள் .	3sghe	2pl	3	sg	he
அனைவருக்கும் சுபீட்சம் எனும் தொனிப்பொருளில் அவர் இங்கு விசேட உரை நிகழ்த்தினார்.	அனைவருக்க் உம் சுபீட்சம் எனும் தொனிப்பொருளில் அவர் இங்கு விசேட உரை நிகழ்த்தினார்கள் .	3sghe	3ple	3	sg	he
அனைவருக்கும் சுபீட்சம் எனும் தொனிப்பொருளில் அவர் இங்கு விசேட உரை நிகழ்த்தினார்.	அனைவருக்க் உம் சுபீட்சம் எனும் தொனிப்பொருளில் அவர் இங்கு விசேட உரை நிகழ்த்தினன .	3sghe	3pln	3	sg	he
அனைவருக்கும் சுபீட்சம் எனும் தொனிப்பொருளில் அவர் இங்கு விசேட உரை நிகழ்த்தினார்.	அனைவருக்க் உம் சுபீட்சம் எனும் தொனிப்பொருளில் அவர் இங்கு விசேட உரை நிகழ்த்தினன் .	3sghe	1sg	3	sg	he
அனைவருக்கும் சுபீட்சம் எனும் தொனிப்பொருளில் அவர் இங்கு விசேட உரை நிகழ்த்தினார்.	அனைவருக்க் உம் சுபீட்சம் எனும் தொனிப்பொருளில் அவர் இங்கு விசேட உரை நிகழ்த்தின்றேன் .	3sghe	1sg	3	sg	he
அனைவருக்கும் சுபீட்சம் எனும் தொனிப்பொருளில் அவர் இங்கு விசேட உரை நிகழ்த்தினார்.	அனைவருக்க் உம் சுபீட்சம் எனும் தொனிப்பொருளில் அவர் இங்கு விசேட உரை நிகழ்த்தின்றன் .	3sghe	1sg	3	sg	he
அனைவருக்கும் சுபீட்சம் எனும் தொனிப்பொருளில் அவர் இங்கு விசேட உரை நிகழ்த்தினார்.	அனைவருக்க் உம் சுபீட்சம் எனும் தொனிப்பொருளில் அவர் இங்கு விசேட உரை நிகழ்த்தினாய் .	3sghe	2sg	3	sg	he
அனைவருக்கும் சுபீட்சம் எனும் தொனிப்பொருளில் அவர் இங்கு விசேட உரை நிகழ்த்தினார்.	அனைவருக்க் உம் சுபீட்சம் எனும் தொனிப்பொருளில் அவர் இங்கு விசேட உரை நிகழ்த்தினீர் .	3sghe	2sgh	3	sg	he
ஜனநாயக அரச நிருவாகத்தின் இரண்டாண்டு பூர்த்தியை முன்னிட்ட இந்த தேசிய நிகழ்வில், பிரதமர் ரணில் விக்ரமசிங்க, முன்னாள் ஜனாதிபதி சந்திரிக்கா பண்டாரநாயக்க குமாரதுங்க உள்ளிட்ட பலர் கலந்துகொண்டிருந்தனர்.	ஜனநாயக அரச நிருவாகத்தின் இரண்டாண்டு பூர்த்தியை முன்னிட்ட இந்த தேசிய நிகழ்வில் , பிரதமர் ரணில் விக்ரமசிங்க , முன்னாள் ஜனாதிபதி சந்திரிக்கா பண்டாரநாயக்க குமாரதுங்க உள்ளிட்ட பலர் கலைந்துக்க் இருந்தோம் .	3sghe	1pl	3	sg	he
ஜனநாயக அரச நிருவாகத்தின் இரண்டாண்டு பூர்த்தியை முன்னிட்ட இந்த தேசிய நிகழ்வில், பிரதமர் ரணில் விக்ரமசிங்க, முன்னாள் ஜனாதிபதி சந்திரிக்கா பண்டாரநாயக்க குமாரதுங்க உள்ளிட்ட பலர் கலந்துகொண்டிருந்தனர்.	ஜனநாயக அரச நிருவாகத்தின் இரண்டாண்டு பூர்த்தியை முன்னிட்ட இந்த தேசிய நிகழ்வில் , பிரதமர் ரணில் விக்ரமசிங்க , முன்னாள் ஜனாதிபதி சந்திரிக்கா பண்டாரநாயக்க குமாரதுங்க உள்ளிட்ட பலர் கலைந்துக்க் இருந்தீர்கள் .	3sghe	2pl	3	sg	he
ஜனநாயக அரச நிருவாகத்தின் இரண்டாண்டு பூர்த்தியை முன்னிட்ட இந்த தேசிய நிகழ்வில், பிரதமர் ரணில் விக்ரமசிங்க, முன்னாள் ஜனாதிபதி சந்திரிக்கா பண்டாரநாயக்க குமாரதுங்க உள்ளிட்ட பலர் கலந்துகொண்டிருந்தனர்.	ஜனநாயக அரச நிருவாகத்தின் இரண்டாண்டு பூர்த்தியை முன்னிட்ட இந்த தேசிய நிகழ்வில் , பிரதமர் ரணில் விக்ரமசிங்க , முன்னாள் ஜனாதிபதி சந்திரிக்கா பண்டாரநாயக்க குமாரதுங்க உள்ளிட்ட பலர் கலைந்துக்க் இருந்தார்கள் .	3sghe	3ple	3	sg	he
ஜனநாயக அரச நிருவாகத்தின் இரண்டாண்டு பூர்த்தியை முன்னிட்ட இந்த தேசிய நிகழ்வில், பிரதமர் ரணில் விக்ரமசிங்க, முன்னாள் ஜனாதிபதி சந்திரிக்கா பண்டாரநாயக்க குமாரதுங்க உள்ளிட்ட பலர் கலந்துகொண்டிருந்தனர்.	ஜனநாயக அரச நிருவாகத்தின் இரண்டாண்டு பூர்த்தியை முன்னிட்ட இந்த தேசிய நிகழ்வில் , பிரதமர் ரணில் விக்ரமசிங்க , முன்னாள் ஜனாதிபதி சந்திரிக்கா பண்டாரநாயக்க குமாரதுங்க உள்ளிட்ட பலர் கலைந்துக்க் இருந்தன .	3sghe	3pln	3	sg	he
ஜனநாயக அரச நிருவாகத்தின் இரண்டாண்டு பூர்த்தியை முன்னிட்ட இந்த தேசிய நிகழ்வில், பிரதமர் ரணில் விக்ரமசிங்க, முன்னாள் ஜனாதிபதி சந்திரிக்கா பண்டாரநாயக்க குமாரதுங்க உள்ளிட்ட பலர் கலந்துகொண்டிருந்தனர்.	ஜனநாயக அரச நிருவாகத்தின் இரண்டாண்டு பூர்த்தியை முன்னிட்ட இந்த தேசிய நிகழ்வில் , பிரதமர் ரணில் விக்ரமசிங்க , முன்னாள் ஜனாதிபதி சந்திரிக்கா பண்டாரநாயக்க குமாரதுங்க உள்ளிட்ட பலர் கலைந்துக்க் இருத்தன் .	3sghe	1sg	3	sg	he
ஜனநாயக அரச நிருவாகத்தின் இரண்டாண்டு பூர்த்தியை முன்னிட்ட இந்த தேசிய நிகழ்வில், பிரதமர் ரணில் விக்ரமசிங்க, முன்னாள் ஜனாதிபதி சந்திரிக்கா பண்டாரநாயக்க குமாரதுங்க உள்ளிட்ட பலர் கலந்துகொண்டிருந்தனர்.	ஜனநாயக அரச நிருவாகத்தின் இரண்டாண்டு பூர்த்தியை முன்னிட்ட இந்த தேசிய நிகழ்வில் , பிரதமர் ரணில் விக்ரமசிங்க , முன்னாள் ஜனாதிபதி சந்திரிக்கா பண்டாரநாயக்க குமாரதுங்க உள்ளிட்ட பலர் கலைந்துக்க் இருந்தேன் .	3sghe	1sg	3	sg	he
ஜனநாயக அரச நிருவாகத்தின் இரண்டாண்டு பூர்த்தியை முன்னிட்ட இந்த தேசிய நிகழ்வில், பிரதமர் ரணில் விக்ரமசிங்க, முன்னாள் ஜனாதிபதி சந்திரிக்கா பண்டாரநாயக்க குமாரதுங்க உள்ளிட்ட பலர் கலந்துகொண்டிருந்தனர்.	ஜனநாயக அரச நிருவாகத்தின் இரண்டாண்டு பூர்த்தியை முன்னிட்ட இந்த தேசிய நிகழ்வில் , பிரதமர் ரணில் விக்ரமசிங்க , முன்னாள் ஜனாதிபதி சந்திரிக்கா பண்டாரநாயக்க குமாரதுங்க உள்ளிட்ட பலர் கலைந்துக்க் இருந்தன் .	3sghe	1sg	3	sg	he
ஜனநாயக அரச நிருவாகத்தின் இரண்டாண்டு பூர்த்தியை முன்னிட்ட இந்த தேசிய நிகழ்வில், பிரதமர் ரணில் விக்ரமசிங்க, முன்னாள் ஜனாதிபதி சந்திரிக்கா பண்டாரநாயக்க குமாரதுங்க உள்ளிட்ட பலர் கலந்துகொண்டிருந்தனர்.	ஜனநாயக அரச நிருவாகத்தின் இரண்டாண்டு பூர்த்தியை முன்னிட்ட இந்த தேசிய நிகழ்வில் , பிரதமர் ரணில் விக்ரமசிங்க , முன்னாள் ஜனாதிபதி சந்திரிக்கா பண்டாரநாயக்க குமாரதுங்க உள்ளிட்ட பலர் கலைந்துக்க் இருந்தாய் .	3sghe	2sg	3	sg	he
ஜனநாயக அரச நிருவாகத்தின் இரண்டாண்டு பூர்த்தியை முன்னிட்ட இந்த தேசிய நிகழ்வில், பிரதமர் ரணில் விக்ரமசிங்க, முன்னாள் ஜனாதிபதி சந்திரிக்கா பண்டாரநாயக்க குமாரதுங்க உள்ளிட்ட பலர் கலந்துகொண்டிருந்தனர்.	ஜனநாயக அரச நிருவாகத்தின் இரண்டாண்டு பூர்த்தியை முன்னிட்ட இந்த தேசிய நிகழ்வில் , பிரதமர் ரணில் விக்ரமசிங்க , முன்னாள் ஜனாதிபதி சந்திரிக்கா பண்டாரநாயக்க குமாரதுங்க உள்ளிட்ட பலர் கலைந்துக்க் இருந்தீர் .	3sghe	2sgh	3	sg	he
அஸ்கிரிய மகாநாயக்கர், வரகாகொட ஶ்ரீ ஞானரத்ன தேரர், அமரபுர பீடத்தின் மகாநாயக்கர் தவுல்தென ஞானிஸ்ஸர தேரர் உள்ளிட்ட பலர் இதில் கலந்துகொண்டிருந்தனர்.	அஸ்கிரிய மகாநாயக்கர் , வரகாகொட ஶ்ரீ ஞானரத்ன தேரர் , அமரபுர பீடத்தின் மகாநாயக்கர் தவுல்தென ஞானிஸ்ஸர தேரர் உள்ளிட்ட பலர் இதில் கலைந்துக்க் இருந்தோம் .	3sghe	1pl	3	sg	he
அஸ்கிரிய மகாநாயக்கர், வரகாகொட ஶ்ரீ ஞானரத்ன தேரர், அமரபுர பீடத்தின் மகாநாயக்கர் தவுல்தென ஞானிஸ்ஸர தேரர் உள்ளிட்ட பலர் இதில் கலந்துகொண்டிருந்தனர்.	அஸ்கிரிய மகாநாயக்கர் , வரகாகொட ஶ்ரீ ஞானரத்ன தேரர் , அமரபுர பீடத்தின் மகாநாயக்கர் தவுல்தென ஞானிஸ்ஸர தேரர் உள்ளிட்ட பலர் இதில் கலைந்துக்க் இருந்தீர்கள் .	3sghe	2pl	3	sg	he
அஸ்கிரிய மகாநாயக்கர், வரகாகொட ஶ்ரீ ஞானரத்ன தேரர், அமரபுர பீடத்தின் மகாநாயக்கர் தவுல்தென ஞானிஸ்ஸர தேரர் உள்ளிட்ட பலர் இதில் கலந்துகொண்டிருந்தனர்.	அஸ்கிரிய மகாநாயக்கர் , வரகாகொட ஶ்ரீ ஞானரத்ன தேரர் , அமரபுர பீடத்தின் மகாநாயக்கர் தவுல்தென ஞானிஸ்ஸர தேரர் உள்ளிட்ட பலர் இதில் கலைந்துக்க் இருந்தார்கள் .	3sghe	3ple	3	sg	he
அஸ்கிரிய மகாநாயக்கர், வரகாகொட ஶ்ரீ ஞானரத்ன தேரர், அமரபுர பீடத்தின் மகாநாயக்கர் தவுல்தென ஞானிஸ்ஸர தேரர் உள்ளிட்ட பலர் இதில் கலந்துகொண்டிருந்தனர்.	அஸ்கிரிய மகாநாயக்கர் , வரகாகொட ஶ்ரீ ஞானரத்ன தேரர் , அமரபுர பீடத்தின் மகாநாயக்கர் தவுல்தென ஞானிஸ்ஸர தேரர் உள்ளிட்ட பலர் இதில் கலைந்துக்க் இருந்தன .	3sghe	3pln	3	sg	he
அஸ்கிரிய மகாநாயக்கர், வரகாகொட ஶ்ரீ ஞானரத்ன தேரர், அமரபுர பீடத்தின் மகாநாயக்கர் தவுல்தென ஞானிஸ்ஸர தேரர் உள்ளிட்ட பலர் இதில் கலந்துகொண்டிருந்தனர்.	அஸ்கிரிய மகாநாயக்கர் , வரகாகொட ஶ்ரீ ஞானரத்ன தேரர் , அமரபுர பீடத்தின் மகாநாயக்கர் தவுல்தென ஞானிஸ்ஸர தேரர் உள்ளிட்ட பலர் இதில் கலைந்துக்க் இருத்தன் .	3sghe	1sg	3	sg	he
அஸ்கிரிய மகாநாயக்கர், வரகாகொட ஶ்ரீ ஞானரத்ன தேரர், அமரபுர பீடத்தின் மகாநாயக்கர் தவுல்தென ஞானிஸ்ஸர தேரர் உள்ளிட்ட பலர் இதில் கலந்துகொண்டிருந்தனர்.	அஸ்கிரிய மகாநாயக்கர் , வரகாகொட ஶ்ரீ ஞானரத்ன தேரர் , அமரபுர பீடத்தின் மகாநாயக்கர் தவுல்தென ஞானிஸ்ஸர தேரர் உள்ளிட்ட பலர் இதில் கலைந்துக்க் இருந்தேன் .	3sghe	1sg	3	sg	he
அஸ்கிரிய மகாநாயக்கர், வரகாகொட ஶ்ரீ ஞானரத்ன தேரர், அமரபுர பீடத்தின் மகாநாயக்கர் தவுல்தென ஞானிஸ்ஸர தேரர் உள்ளிட்ட பலர் இதில் கலந்துகொண்டிருந்தனர்.	அஸ்கிரிய மகாநாயக்கர் , வரகாகொட ஶ்ரீ ஞானரத்ன தேரர் , அமரபுர பீடத்தின் மகாநாயக்கர் தவுல்தென ஞானிஸ்ஸர தேரர் உள்ளிட்ட பலர் இதில் கலைந்துக்க் இருந்தன் .	3sghe	1sg	3	sg	he
அஸ்கிரிய மகாநாயக்கர், வரகாகொட ஶ்ரீ ஞானரத்ன தேரர், அமரபுர பீடத்தின் மகாநாயக்கர் தவுல்தென ஞானிஸ்ஸர தேரர் உள்ளிட்ட பலர் இதில் கலந்துகொண்டிருந்தனர்.	அஸ்கிரிய மகாநாயக்கர் , வரகாகொட ஶ்ரீ ஞானரத்ன தேரர் , அமரபுர பீடத்தின் மகாநாயக்கர் தவுல்தென ஞானிஸ்ஸர தேரர் உள்ளிட்ட பலர் இதில் கலைந்துக்க் இருந்தாய் .	3sghe	2sg	3	sg	he
அஸ்கிரிய மகாநாயக்கர், வரகாகொட ஶ்ரீ ஞானரத்ன தேரர், அமரபுர பீடத்தின் மகாநாயக்கர் தவுல்தென ஞானிஸ்ஸர தேரர் உள்ளிட்ட பலர் இதில் கலந்துகொண்டிருந்தனர்.	அஸ்கிரிய மகாநாயக்கர் , வரகாகொட ஶ்ரீ ஞானரத்ன தேரர் , அமரபுர பீடத்தின் மகாநாயக்கர் தவுல்தென ஞானிஸ்ஸர தேரர் உள்ளிட்ட பலர் இதில் கலைந்துக்க் இருந்தீர் .	3sghe	2sgh	3	sg	he
ஜனாதிபதி மைத்திரிபால சிறிசேன, முன்னாள் ஜனாதிபதி சந்திக்கா பண்டாரநாயக்க குமாரதுங்க உள்ளிட்ட பலர், காலி முகத்திடலிலுள்ள பண்டாரநாயக்கவின் உருவச்சிலைக்கு மலரஞ்சலி செலுத்தினர்.	ஜனாதிபதி மைத்திரிபால சிறிசேன , முன்னாள் ஜனாதிபதி சந்திக்கா பண்டாரநாயக்க குமாரதுங்க உள்ளிட்ட பலர் , காலி முகத்திட் இலில்ள பண்டாரநாயக்கவின் உருவச்சிலைக்கு மலரஞ்சலி செலுத்தினோம் .	3sge	1pl	3	sg	e
ஜனாதிபதி மைத்திரிபால சிறிசேன, முன்னாள் ஜனாதிபதி சந்திக்கா பண்டாரநாயக்க குமாரதுங்க உள்ளிட்ட பலர், காலி முகத்திடலிலுள்ள பண்டாரநாயக்கவின் உருவச்சிலைக்கு மலரஞ்சலி செலுத்தினர்.	ஜனாதிபதி மைத்திரிபால சிறிசேன , முன்னாள் ஜனாதிபதி சந்திக்கா பண்டாரநாயக்க குமாரதுங்க உள்ளிட்ட பலர் , காலி முகத்திட் இலில்ள பண்டாரநாயக்கவின் உருவச்சிலைக்கு மலரஞ்சலி செலுத்தினீர்கள் .	3sge	2pl	3	sg	e
ஜனாதிபதி மைத்திரிபால சிறிசேன, முன்னாள் ஜனாதிபதி சந்திக்கா பண்டாரநாயக்க குமாரதுங்க உள்ளிட்ட பலர், காலி முகத்திடலிலுள்ள பண்டாரநாயக்கவின் உருவச்சிலைக்கு மலரஞ்சலி செலுத்தினர்.	ஜனாதிபதி மைத்திரிபால சிறிசேன , முன்னாள் ஜனாதிபதி சந்திக்கா பண்டாரநாயக்க குமாரதுங்க உள்ளிட்ட பலர் , காலி முகத்திட் இலில்ள பண்டாரநாயக்கவின் உருவச்சிலைக்கு மலரஞ்சலி செலுத்தினார்கள் .	3sge	3ple	3	sg	e
ஜனாதிபதி மைத்திரிபால சிறிசேன, முன்னாள் ஜனாதிபதி சந்திக்கா பண்டாரநாயக்க குமாரதுங்க உள்ளிட்ட பலர், காலி முகத்திடலிலுள்ள பண்டாரநாயக்கவின் உருவச்சிலைக்கு மலரஞ்சலி செலுத்தினர்.	ஜனாதிபதி மைத்திரிபால சிறிசேன , முன்னாள் ஜனாதிபதி சந்திக்கா பண்டாரநாயக்க குமாரதுங்க உள்ளிட்ட பலர் , காலி முகத்திட் இலில்ள பண்டாரநாயக்கவின் உருவச்சிலைக்கு மலரஞ்சலி செலுத்தினன .	3sge	3pln	3	sg	e
ஜனாதிபதி மைத்திரிபால சிறிசேன, முன்னாள் ஜனாதிபதி சந்திக்கா பண்டாரநாயக்க குமாரதுங்க உள்ளிட்ட பலர், காலி முகத்திடலிலுள்ள பண்டாரநாயக்கவின் உருவச்சிலைக்கு மலரஞ்சலி செலுத்தினர்.	ஜனாதிபதி மைத்திரிபால சிறிசேன , முன்னாள் ஜனாதிபதி சந்திக்கா பண்டாரநாயக்க குமாரதுங்க உள்ளிட்ட பலர் , காலி முகத்திட் இலில்ள பண்டாரநாயக்கவின் உருவச்சிலைக்கு மலரஞ்சலி செலுத்தினன் .	3sge	1sg	3	sg	e
ஜனாதிபதி மைத்திரிபால சிறிசேன, முன்னாள் ஜனாதிபதி சந்திக்கா பண்டாரநாயக்க குமாரதுங்க உள்ளிட்ட பலர், காலி முகத்திடலிலுள்ள பண்டாரநாயக்கவின் உருவச்சிலைக்கு மலரஞ்சலி செலுத்தினர்.	ஜனாதிபதி மைத்திரிபால சிறிசேன , முன்னாள் ஜனாதிபதி சந்திக்கா பண்டாரநாயக்க குமாரதுங்க உள்ளிட்ட பலர் , காலி முகத்திட் இலில்ள பண்டாரநாயக்கவின் உருவச்சிலைக்கு மலரஞ்சலி செலுத்தின்றேன் .	3sge	1sg	3	sg	e
ஜனாதிபதி மைத்திரிபால சிறிசேன, முன்னாள் ஜனாதிபதி சந்திக்கா பண்டாரநாயக்க குமாரதுங்க உள்ளிட்ட பலர், காலி முகத்திடலிலுள்ள பண்டாரநாயக்கவின் உருவச்சிலைக்கு மலரஞ்சலி செலுத்தினர்.	ஜனாதிபதி மைத்திரிபால சிறிசேன , முன்னாள் ஜனாதிபதி சந்திக்கா பண்டாரநாயக்க குமாரதுங்க உள்ளிட்ட பலர் , காலி முகத்திட் இலில்ள பண்டாரநாயக்கவின் உருவச்சிலைக்கு மலரஞ்சலி செலுத்தின்றன் .	3sge	1sg	3	sg	e
ஜனாதிபதி மைத்திரிபால சிறிசேன, முன்னாள் ஜனாதிபதி சந்திக்கா பண்டாரநாயக்க குமாரதுங்க உள்ளிட்ட பலர், காலி முகத்திடலிலுள்ள பண்டாரநாயக்கவின் உருவச்சிலைக்கு மலரஞ்சலி செலுத்தினர்.	ஜனாதிபதி மைத்திரிபால சிறிசேன , முன்னாள் ஜனாதிபதி சந்திக்கா பண்டாரநாயக்க குமாரதுங்க உள்ளிட்ட பலர் , காலி முகத்திட் இலில்ள பண்டாரநாயக்கவின் உருவச்சிலைக்கு மலரஞ்சலி செலுத்தினாய் .	3sge	2sg	3	sg	e
ஜனாதிபதி மைத்திரிபால சிறிசேன, முன்னாள் ஜனாதிபதி சந்திக்கா பண்டாரநாயக்க குமாரதுங்க உள்ளிட்ட பலர், காலி முகத்திடலிலுள்ள பண்டாரநாயக்கவின் உருவச்சிலைக்கு மலரஞ்சலி செலுத்தினர்.	ஜனாதிபதி மைத்திரிபால சிறிசேன , முன்னாள் ஜனாதிபதி சந்திக்கா பண்டாரநாயக்க குமாரதுங்க உள்ளிட்ட பலர் , காலி முகத்திட் இலில்ள பண்டாரநாயக்கவின் உருவச்சிலைக்கு மலரஞ்சலி செலுத்தினீர் .	3sge	2sgh	3	sg	e
கல்வி அமைச்சர் அகில விராஜ் காரியவசம், பாராளுமன்ற மறுசீரமைப்பு மற்றும் ஊடகத்துறை அமைச்சர் கயந்த கருணாதிலக்க உள்ளிட்ட பலர் இதில் கலந்துகொண்டிருந்தனர்.	கல்வி அமைச்சர் அகில விராஜ் காரியவசம் , பாராளுமன்ற மறுசீரமைப்பு மற்றும் ஊடகத்துறை அமைச்சர் கயந்த கருறாதில் ஆக உள்ளிட்ட பலர் இதில் கலைந்துக்க் இருந்தோம் .	3sghe	1pl	3	sg	he
கல்வி அமைச்சர் அகில விராஜ் காரியவசம், பாராளுமன்ற மறுசீரமைப்பு மற்றும் ஊடகத்துறை அமைச்சர் கயந்த கருணாதிலக்க உள்ளிட்ட பலர் இதில் கலந்துகொண்டிருந்தனர்.	கல்வி அமைச்சர் அகில விராஜ் காரியவசம் , பாராளுமன்ற மறுசீரமைப்பு மற்றும் ஊடகத்துறை அமைச்சர் கயந்த கருறாதில் ஆக உள்ளிட்ட பலர் இதில் கலைந்துக்க் இருந்தீர்கள் .	3sghe	2pl	3	sg	he
கல்வி அமைச்சர் அகில விராஜ் காரியவசம், பாராளுமன்ற மறுசீரமைப்பு மற்றும் ஊடகத்துறை அமைச்சர் கயந்த கருணாதிலக்க உள்ளிட்ட பலர் இதில் கலந்துகொண்டிருந்தனர்.	கல்வி அமைச்சர் அகில விராஜ் காரியவசம் , பாராளுமன்ற மறுசீரமைப்பு மற்றும் ஊடகத்துறை அமைச்சர் கயந்த கருறாதில் ஆக உள்ளிட்ட பலர் இதில் கலைந்துக்க் இருந்தார்கள் .	3sghe	3ple	3	sg	he
கல்வி அமைச்சர் அகில விராஜ் காரியவசம், பாராளுமன்ற மறுசீரமைப்பு மற்றும் ஊடகத்துறை அமைச்சர் கயந்த கருணாதிலக்க உள்ளிட்ட பலர் இதில் கலந்துகொண்டிருந்தனர்.	கல்வி அமைச்சர் அகில விராஜ் காரியவசம் , பாராளுமன்ற மறுசீரமைப்பு மற்றும் ஊடகத்துறை அமைச்சர் கயந்த கருறாதில் ஆக உள்ளிட்ட பலர் இதில் கலைந்துக்க் இருந்தன .	3sghe	3pln	3	sg	he
கல்வி அமைச்சர் அகில விராஜ் காரியவசம், பாராளுமன்ற மறுசீரமைப்பு மற்றும் ஊடகத்துறை அமைச்சர் கயந்த கருணாதிலக்க உள்ளிட்ட பலர் இதில் கலந்துகொண்டிருந்தனர்.	கல்வி அமைச்சர் அகில விராஜ் காரியவசம் , பாராளுமன்ற மறுசீரமைப்பு மற்றும் ஊடகத்துறை அமைச்சர் கயந்த கருறாதில் ஆக உள்ளிட்ட பலர் இதில் கலைந்துக்க் இருத்தன் .	3sghe	1sg	3	sg	he
கல்வி அமைச்சர் அகில விராஜ் காரியவசம், பாராளுமன்ற மறுசீரமைப்பு மற்றும் ஊடகத்துறை அமைச்சர் கயந்த கருணாதிலக்க உள்ளிட்ட பலர் இதில் கலந்துகொண்டிருந்தனர்.	கல்வி அமைச்சர் அகில விராஜ் காரியவசம் , பாராளுமன்ற மறுசீரமைப்பு மற்றும் ஊடகத்துறை அமைச்சர் கயந்த கருறாதில் ஆக உள்ளிட்ட பலர் இதில் கலைந்துக்க் இருந்தேன் .	3sghe	1sg	3	sg	he
கல்வி அமைச்சர் அகில விராஜ் காரியவசம், பாராளுமன்ற மறுசீரமைப்பு மற்றும் ஊடகத்துறை அமைச்சர் கயந்த கருணாதிலக்க உள்ளிட்ட பலர் இதில் கலந்துகொண்டிருந்தனர்.	கல்வி அமைச்சர் அகில விராஜ் காரியவசம் , பாராளுமன்ற மறுசீரமைப்பு மற்றும் ஊடகத்துறை அமைச்சர் கயந்த கருறாதில் ஆக உள்ளிட்ட பலர் இதில் கலைந்துக்க் இருந்தன் .	3sghe	1sg	3	sg	he
கல்வி அமைச்சர் அகில விராஜ் காரியவசம், பாராளுமன்ற மறுசீரமைப்பு மற்றும் ஊடகத்துறை அமைச்சர் கயந்த கருணாதிலக்க உள்ளிட்ட பலர் இதில் கலந்துகொண்டிருந்தனர்.	கல்வி அமைச்சர் அகில விராஜ் காரியவசம் , பாராளுமன்ற மறுசீரமைப்பு மற்றும் ஊடகத்துறை அமைச்சர் கயந்த கருறாதில் ஆக உள்ளிட்ட பலர் இதில் கலைந்துக்க் இருந்தாய் .	3sghe	2sg	3	sg	he
கல்வி அமைச்சர் அகில விராஜ் காரியவசம், பாராளுமன்ற மறுசீரமைப்பு மற்றும் ஊடகத்துறை அமைச்சர் கயந்த கருணாதிலக்க உள்ளிட்ட பலர் இதில் கலந்துகொண்டிருந்தனர்.	கல்வி அமைச்சர் அகில விராஜ் காரியவசம் , பாராளுமன்ற மறுசீரமைப்பு மற்றும் ஊடகத்துறை அமைச்சர் கயந்த கருறாதில் ஆக உள்ளிட்ட பலர் இதில் கலைந்துக்க் இருந்தீர் .	3sghe	2sgh	3	sg	he
இதேவேளை, வெருகல் வைத்தியசாலையில் சிரமதானப் பணிகள் முன்னெடுக்கப்பட்டதுடன் பண்டாரவளை சென்ஜோசப் பாடசாலைக்கு அருகாமையில் இருந்து – மநாகரசபை சுற்றுச்சூழல் பாதுகாப்போம் எனும் தொனியில் பேரணி ஒன்று முன்னெடுக்கப்பட்டது.	இதேவேளை , வெருகல் வைத்தியசாலையில் சிரமதானப் பணிகள் முன்னிடுக்கப் பட்டத் உடன் பண்டாரவளை சென்ஜோசப் பாடசாலைக்கு அருகாமையில் இருந்து – மநாகரசபை சுற்றுச்சூழல் பாதுகாப்போம் எனும் தொனியில் பேரணி ஒன்று முன்னெடுக்கப் படுத்தோம் .	3sgn	1pl	3	sg	n
இதேவேளை, வெருகல் வைத்தியசாலையில் சிரமதானப் பணிகள் முன்னெடுக்கப்பட்டதுடன் பண்டாரவளை சென்ஜோசப் பாடசாலைக்கு அருகாமையில் இருந்து – மநாகரசபை சுற்றுச்சூழல் பாதுகாப்போம் எனும் தொனியில் பேரணி ஒன்று முன்னெடுக்கப்பட்டது.	இதேவேளை , வெருகல் வைத்தியசாலையில் சிரமதானப் பணிகள் முன்னிடுக்கப் பட்டத் உடன் பண்டாரவளை சென்ஜோசப் பாடசாலைக்கு அருகாமையில் இருந்து – மநாகரசபை சுற்றுச்சூழல் பாதுகாப்போம் எனும் தொனியில் பேரணி ஒன்று முன்னெடுக்கப் படுத்தீர்கள் .	3sgn	2pl	3	sg	n
இதேவேளை, வெருகல் வைத்தியசாலையில் சிரமதானப் பணிகள் முன்னெடுக்கப்பட்டதுடன் பண்டாரவளை சென்ஜோசப் பாடசாலைக்கு அருகாமையில் இருந்து – மநாகரசபை சுற்றுச்சூழல் பாதுகாப்போம் எனும் தொனியில் பேரணி ஒன்று முன்னெடுக்கப்பட்டது.	இதேவேளை , வெருகல் வைத்தியசாலையில் சிரமதானப் பணிகள் முன்னிடுக்கப் பட்டத் உடன் பண்டாரவளை சென்ஜோசப் பாடசாலைக்கு அருகாமையில் இருந்து – மநாகரசபை சுற்றுச்சூழல் பாதுகாப்போம் எனும் தொனியில் பேரணி ஒன்று முன்னெடுக்கப் படுத்தார்கள் .	3sgn	3ple	3	sg	n
இதேவேளை, வெருகல் வைத்தியசாலையில் சிரமதானப் பணிகள் முன்னெடுக்கப்பட்டதுடன் பண்டாரவளை சென்ஜோசப் பாடசாலைக்கு அருகாமையில் இருந்து – மநாகரசபை சுற்றுச்சூழல் பாதுகாப்போம் எனும் தொனியில் பேரணி ஒன்று முன்னெடுக்கப்பட்டது.	இதேவேளை , வெருகல் வைத்தியசாலையில் சிரமதானப் பணிகள் முன்னிடுக்கப் பட்டத் உடன் பண்டாரவளை சென்ஜோசப் பாடசாலைக்கு அருகாமையில் இருந்து – மநாகரசபை சுற்றுச்சூழல் பாதுகாப்போம் எனும் தொனியில் பேரணி ஒன்று முன்னெடுக்கப் படுத்தன .	3sgn	3pln	3	sg	n
இதேவேளை, வெருகல் வைத்தியசாலையில் சிரமதானப் பணிகள் முன்னெடுக்கப்பட்டதுடன் பண்டாரவளை சென்ஜோசப் பாடசாலைக்கு அருகாமையில் இருந்து – மநாகரசபை சுற்றுச்சூழல் பாதுகாப்போம் எனும் தொனியில் பேரணி ஒன்று முன்னெடுக்கப்பட்டது.	இதேவேளை , வெருகல் வைத்தியசாலையில் சிரமதானப் பணிகள் முன்னிடுக்கப் பட்டத் உடன் பண்டாரவளை சென்ஜோசப் பாடசாலைக்கு அருகாமையில் இருந்து – மநாகரசபை சுற்றுச்சூழல் பாதுகாப்போம் எனும் தொனியில் பேரணி ஒன்று முன்னெடுக்கப் படுத்தாள் .	3sgn	3sgf	3	sg	n
இதேவேளை, வெருகல் வைத்தியசாலையில் சிரமதானப் பணிகள் முன்னெடுக்கப்பட்டதுடன் பண்டாரவளை சென்ஜோசப் பாடசாலைக்கு அருகாமையில் இருந்து – மநாகரசபை சுற்றுச்சூழல் பாதுகாப்போம் எனும் தொனியில் பேரணி ஒன்று முன்னெடுக்கப்பட்டது.	இதேவேளை , வெருகல் வைத்தியசாலையில் சிரமதானப் பணிகள் முன்னிடுக்கப் பட்டத் உடன் பண்டாரவளை சென்ஜோசப் பாடசாலைக்கு அருகாமையில் இருந்து – மநாகரசபை சுற்றுச்சூழல் பாதுகாப்போம் எனும் தொனியில் பேரணி ஒன்று முன்னெடுக்கப் படுத்தான் .	3sgn	3sgm	3	sg	n
இதேவேளை, வெருகல் வைத்தியசாலையில் சிரமதானப் பணிகள் முன்னெடுக்கப்பட்டதுடன் பண்டாரவளை சென்ஜோசப் பாடசாலைக்கு அருகாமையில் இருந்து – மநாகரசபை சுற்றுச்சூழல் பாதுகாப்போம் எனும் தொனியில் பேரணி ஒன்று முன்னெடுக்கப்பட்டது.	இதேவேளை , வெருகல் வைத்தியசாலையில் சிரமதானப் பணிகள் முன்னிடுக்கப் பட்டத் உடன் பண்டாரவளை சென்ஜோசப் பாடசாலைக்கு அருகாமையில் இருந்து – மநாகரசபை சுற்றுச்சூழல் பாதுகாப்போம் எனும் தொனியில் பேரணி ஒன்று முன்னெடுக்கப் பட்டன் .	3sgn	1sg	3	sg	n
இதேவேளை, வெருகல் வைத்தியசாலையில் சிரமதானப் பணிகள் முன்னெடுக்கப்பட்டதுடன் பண்டாரவளை சென்ஜோசப் பாடசாலைக்கு அருகாமையில் இருந்து – மநாகரசபை சுற்றுச்சூழல் பாதுகாப்போம் எனும் தொனியில் பேரணி ஒன்று முன்னெடுக்கப்பட்டது.	இதேவேளை , வெருகல் வைத்தியசாலையில் சிரமதானப் பணிகள் முன்னிடுக்கப் பட்டத் உடன் பண்டாரவளை சென்ஜோசப் பாடசாலைக்கு அருகாமையில் இருந்து – மநாகரசபை சுற்றுச்சூழல் பாதுகாப்போம் எனும் தொனியில் பேரணி ஒன்று முன்னெடுக்கப் படுத்தேன் .	3sgn	1sg	3	sg	n
இதேவேளை, வெருகல் வைத்தியசாலையில் சிரமதானப் பணிகள் முன்னெடுக்கப்பட்டதுடன் பண்டாரவளை சென்ஜோசப் பாடசாலைக்கு அருகாமையில் இருந்து – மநாகரசபை சுற்றுச்சூழல் பாதுகாப்போம் எனும் தொனியில் பேரணி ஒன்று முன்னெடுக்கப்பட்டது.	இதேவேளை , வெருகல் வைத்தியசாலையில் சிரமதானப் பணிகள் முன்னிடுக்கப் பட்டத் உடன் பண்டாரவளை சென்ஜோசப் பாடசாலைக்கு அருகாமையில் இருந்து – மநாகரசபை சுற்றுச்சூழல் பாதுகாப்போம் எனும் தொனியில் பேரணி ஒன்று முன்னெடுக்கப் படுத்தன் .	3sgn	1sg	3	sg	n
இதேவேளை, வெருகல் வைத்தியசாலையில் சிரமதானப் பணிகள் முன்னெடுக்கப்பட்டதுடன் பண்டாரவளை சென்ஜோசப் பாடசாலைக்கு அருகாமையில் இருந்து – மநாகரசபை சுற்றுச்சூழல் பாதுகாப்போம் எனும் தொனியில் பேரணி ஒன்று முன்னெடுக்கப்பட்டது.	இதேவேளை , வெருகல் வைத்தியசாலையில் சிரமதானப் பணிகள் முன்னிடுக்கப் பட்டத் உடன் பண்டாரவளை சென்ஜோசப் பாடசாலைக்கு அருகாமையில் இருந்து – மநாகரசபை சுற்றுச்சூழல் பாதுகாப்போம் எனும் தொனியில் பேரணி ஒன்று முன்னெடுக்கப் படுத்தாய் .	3sgn	2sg	3	sg	n
இதேவேளை, வெருகல் வைத்தியசாலையில் சிரமதானப் பணிகள் முன்னெடுக்கப்பட்டதுடன் பண்டாரவளை சென்ஜோசப் பாடசாலைக்கு அருகாமையில் இருந்து – மநாகரசபை சுற்றுச்சூழல் பாதுகாப்போம் எனும் தொனியில் பேரணி ஒன்று முன்னெடுக்கப்பட்டது.	இதேவேளை , வெருகல் வைத்தியசாலையில் சிரமதானப் பணிகள் முன்னிடுக்கப் பட்டத் உடன் பண்டாரவளை சென்ஜோசப் பாடசாலைக்கு அருகாமையில் இருந்து – மநாகரசபை சுற்றுச்சூழல் பாதுகாப்போம் எனும் தொனியில் பேரணி ஒன்று முன்னெடுக்கப் படுத்தீர் .	3sgn	2sgh	3	sg	n
ஜனாதிபதியின் இருவருடங்கள் பூர்த்தியை முன்னிட்டு கண்டி – தெல்தெனிய – கொட்டகங்க பகுதியில் மரம் நாட்டப்பட்டது.	ஜனாதிபதியின் இருவருடங்கள் பூர்த்தியை முன்னிட்டு கண்டி – தெல்தெனிய – கொட்டகங்க பகுதியில் மரம் நாட்டப்பட்டோம் .	3sgn	1pl	3	sg	n
ஜனாதிபதியின் இருவருடங்கள் பூர்த்தியை முன்னிட்டு கண்டி – தெல்தெனிய – கொட்டகங்க பகுதியில் மரம் நாட்டப்பட்டது.	ஜனாதிபதியின் இருவருடங்கள் பூர்த்தியை முன்னிட்டு கண்டி – தெல்தெனிய – கொட்டகங்க பகுதியில் மரம் நாட்டப்பட்டீர்கள் .	3sgn	2pl	3	sg	n
ஜனாதிபதியின் இருவருடங்கள் பூர்த்தியை முன்னிட்டு கண்டி – தெல்தெனிய – கொட்டகங்க பகுதியில் மரம் நாட்டப்பட்டது.	ஜனாதிபதியின் இருவருடங்கள் பூர்த்தியை முன்னிட்டு கண்டி – தெல்தெனிய – கொட்டகங்க பகுதியில் மரம் நாட்டப்பட்டார்கள் .	3sgn	3ple	3	sg	n
ஜனாதிபதியின் இருவருடங்கள் பூர்த்தியை முன்னிட்டு கண்டி – தெல்தெனிய – கொட்டகங்க பகுதியில் மரம் நாட்டப்பட்டது.	ஜனாதிபதியின் இருவருடங்கள் பூர்த்தியை முன்னிட்டு கண்டி – தெல்தெனிய – கொட்டகங்க பகுதியில் மரம் நாட்டப்பட்டன .	3sgn	3pln	3	sg	n
ஜனாதிபதியின் இருவருடங்கள் பூர்த்தியை முன்னிட்டு கண்டி – தெல்தெனிய – கொட்டகங்க பகுதியில் மரம் நாட்டப்பட்டது.	ஜனாதிபதியின் இருவருடங்கள் பூர்த்தியை முன்னிட்டு கண்டி – தெல்தெனிய – கொட்டகங்க பகுதியில் மரம் நாட்டப்பட்டாள் .	3sgn	3sgf	3	sg	n
ஜனாதிபதியின் இருவருடங்கள் பூர்த்தியை முன்னிட்டு கண்டி – தெல்தெனிய – கொட்டகங்க பகுதியில் மரம் நாட்டப்பட்டது.	ஜனாதிபதியின் இருவருடங்கள் பூர்த்தியை முன்னிட்டு கண்டி – தெல்தெனிய – கொட்டகங்க பகுதியில் மரம் நாட்டப்பட்டான் .	3sgn	3sgm	3	sg	n
ஜனாதிபதியின் இருவருடங்கள் பூர்த்தியை முன்னிட்டு கண்டி – தெல்தெனிய – கொட்டகங்க பகுதியில் மரம் நாட்டப்பட்டது.	ஜனாதிபதியின் இருவருடங்கள் பூர்த்தியை முன்னிட்டு கண்டி – தெல்தெனிய – கொட்டகங்க பகுதியில் மரம் நாட்டப்பட்டன் .	3sgn	1sg	3	sg	n
ஜனாதிபதியின் இருவருடங்கள் பூர்த்தியை முன்னிட்டு கண்டி – தெல்தெனிய – கொட்டகங்க பகுதியில் மரம் நாட்டப்பட்டது.	ஜனாதிபதியின் இருவருடங்கள் பூர்த்தியை முன்னிட்டு கண்டி – தெல்தெனிய – கொட்டகங்க பகுதியில் மரம் நாட்டப்பட்டாய் .	3sgn	2sg	3	sg	n
ஜனாதிபதியின் இருவருடங்கள் பூர்த்தியை முன்னிட்டு கண்டி – தெல்தெனிய – கொட்டகங்க பகுதியில் மரம் நாட்டப்பட்டது.	ஜனாதிபதியின் இருவருடங்கள் பூர்த்தியை முன்னிட்டு கண்டி – தெல்தெனிய – கொட்டகங்க பகுதியில் மரம் நாட்டப்பட்டீர் .	3sgn	2sgh	3	sg	n
யாழ் – கொக்குவில் – பிரம்படி பகுதியில் நடைபெற்ற நிகழ்வொன்றில் பங்கேற்றிருந்த போதே அவர் இவ்விடயங்களைக் கூறினார்.	யாழ் – கொக்குவில் – பிரம்படி பகுதியில் நடைபெற்ற நிகழ்வொன்றில் பங்கூற்ற் இருந்த போதே அவர் இவ்விடயங்களைக் கூறினோம் .	3sghe	1pl	3	sg	he
யாழ் – கொக்குவில் – பிரம்படி பகுதியில் நடைபெற்ற நிகழ்வொன்றில் பங்கேற்றிருந்த போதே அவர் இவ்விடயங்களைக் கூறினார்.	யாழ் – கொக்குவில் – பிரம்படி பகுதியில் நடைபெற்ற நிகழ்வொன்றில் பங்கூற்ற் இருந்த போதே அவர் இவ்விடயங்களைக் கூறினீர்கள் .	3sghe	2pl	3	sg	he
யாழ் – கொக்குவில் – பிரம்படி பகுதியில் நடைபெற்ற நிகழ்வொன்றில் பங்கேற்றிருந்த போதே அவர் இவ்விடயங்களைக் கூறினார்.	யாழ் – கொக்குவில் – பிரம்படி பகுதியில் நடைபெற்ற நிகழ்வொன்றில் பங்கூற்ற் இருந்த போதே அவர் இவ்விடயங்களைக் கூறினார்கள் .	3sghe	3ple	3	sg	he
யாழ் – கொக்குவில் – பிரம்படி பகுதியில் நடைபெற்ற நிகழ்வொன்றில் பங்கேற்றிருந்த போதே அவர் இவ்விடயங்களைக் கூறினார்.	யாழ் – கொக்குவில் – பிரம்படி பகுதியில் நடைபெற்ற நிகழ்வொன்றில் பங்கூற்ற் இருந்த போதே அவர் இவ்விடயங்களைக் கூறினன .	3sghe	3pln	3	sg	he
யாழ் – கொக்குவில் – பிரம்படி பகுதியில் நடைபெற்ற நிகழ்வொன்றில் பங்கேற்றிருந்த போதே அவர் இவ்விடயங்களைக் கூறினார்.	யாழ் – கொக்குவில் – பிரம்படி பகுதியில் நடைபெற்ற நிகழ்வொன்றில் பங்கூற்ற் இருந்த போதே அவர் இவ்விடயங்களைக் கூறினன் .	3sghe	1sg	3	sg	he
யாழ் – கொக்குவில் – பிரம்படி பகுதியில் நடைபெற்ற நிகழ்வொன்றில் பங்கேற்றிருந்த போதே அவர் இவ்விடயங்களைக் கூறினார்.	யாழ் – கொக்குவில் – பிரம்படி பகுதியில் நடைபெற்ற நிகழ்வொன்றில் பங்கூற்ற் இருந்த போதே அவர் இவ்விடயங்களைக் கூறின்றேன் .	3sghe	1sg	3	sg	he
யாழ் – கொக்குவில் – பிரம்படி பகுதியில் நடைபெற்ற நிகழ்வொன்றில் பங்கேற்றிருந்த போதே அவர் இவ்விடயங்களைக் கூறினார்.	யாழ் – கொக்குவில் – பிரம்படி பகுதியில் நடைபெற்ற நிகழ்வொன்றில் பங்கூற்ற் இருந்த போதே அவர் இவ்விடயங்களைக் கூறின்றன் .	3sghe	1sg	3	sg	he
யாழ் – கொக்குவில் – பிரம்படி பகுதியில் நடைபெற்ற நிகழ்வொன்றில் பங்கேற்றிருந்த போதே அவர் இவ்விடயங்களைக் கூறினார்.	யாழ் – கொக்குவில் – பிரம்படி பகுதியில் நடைபெற்ற நிகழ்வொன்றில் பங்கூற்ற் இருந்த போதே அவர் இவ்விடயங்களைக் கூறினாய் .	3sghe	2sg	3	sg	he
யாழ் – கொக்குவில் – பிரம்படி பகுதியில் நடைபெற்ற நிகழ்வொன்றில் பங்கேற்றிருந்த போதே அவர் இவ்விடயங்களைக் கூறினார்.	யாழ் – கொக்குவில் – பிரம்படி பகுதியில் நடைபெற்ற நிகழ்வொன்றில் பங்கூற்ற் இருந்த போதே அவர் இவ்விடயங்களைக் கூறினீர் .	3sghe	2sgh	3	sg	he
சுமார் 850-க்கும் மேற்ப்பட்ட விசைப்படகுகள் கரையில் நிறுத்தி வைக்கப்பட்டுள்ளதுடன், சுமார் 10,000 மீனவர்களும்  5,000 கடற்றொழிலாளர்களும் பணிப்பகிஷ்கரிப்பில் ஈடுபடவுள்ளதாக நியூஸ்ஃபெஸ்ட்டின் இராமேஸ்வரம் செய்தியாளர் தெரிவித்தார்.	சுமார் செழ்க்க் உம் மேற்ப்பட்ட விசைப்படகுகள் கரையில் நிறுத்தி வைக்கப் பட்ட் உள்ளதன் , சுமார் 10,000 மமனவர்கள் உம் 5 ,000 கடற்ற் ஆலில்கள் உம் பணிப்பகிஷ்கரிப்பில் படுபடவ் உள்ளத் ஆக நியூஸ்ஃபெஸ்ட்டின் இராமேஸ்வரம் செய்தியாளர் தெரிவித்தோம் .	3sghe	1pl	3	sg	he
சுமார் 850-க்கும் மேற்ப்பட்ட விசைப்படகுகள் கரையில் நிறுத்தி வைக்கப்பட்டுள்ளதுடன், சுமார் 10,000 மீனவர்களும்  5,000 கடற்றொழிலாளர்களும் பணிப்பகிஷ்கரிப்பில் ஈடுபடவுள்ளதாக நியூஸ்ஃபெஸ்ட்டின் இராமேஸ்வரம் செய்தியாளர் தெரிவித்தார்.	சுமார் செழ்க்க் உம் மேற்ப்பட்ட விசைப்படகுகள் கரையில் நிறுத்தி வைக்கப் பட்ட் உள்ளதன் , சுமார் 10,000 மமனவர்கள் உம் 5 ,000 கடற்ற் ஆலில்கள் உம் பணிப்பகிஷ்கரிப்பில் படுபடவ் உள்ளத் ஆக நியூஸ்ஃபெஸ்ட்டின் இராமேஸ்வரம் செய்தியாளர் தெரிவித்தீர்கள் .	3sghe	2pl	3	sg	he
சுமார் 850-க்கும் மேற்ப்பட்ட விசைப்படகுகள் கரையில் நிறுத்தி வைக்கப்பட்டுள்ளதுடன், சுமார் 10,000 மீனவர்களும்  5,000 கடற்றொழிலாளர்களும் பணிப்பகிஷ்கரிப்பில் ஈடுபடவுள்ளதாக நியூஸ்ஃபெஸ்ட்டின் இராமேஸ்வரம் செய்தியாளர் தெரிவித்தார்.	சுமார் செழ்க்க் உம் மேற்ப்பட்ட விசைப்படகுகள் கரையில் நிறுத்தி வைக்கப் பட்ட் உள்ளதன் , சுமார் 10,000 மமனவர்கள் உம் 5 ,000 கடற்ற் ஆலில்கள் உம் பணிப்பகிஷ்கரிப்பில் படுபடவ் உள்ளத் ஆக நியூஸ்ஃபெஸ்ட்டின் இராமேஸ்வரம் செய்தியாளர் தெரிவித்தார்கள் .	3sghe	3ple	3	sg	he
சுமார் 850-க்கும் மேற்ப்பட்ட விசைப்படகுகள் கரையில் நிறுத்தி வைக்கப்பட்டுள்ளதுடன், சுமார் 10,000 மீனவர்களும்  5,000 கடற்றொழிலாளர்களும் பணிப்பகிஷ்கரிப்பில் ஈடுபடவுள்ளதாக நியூஸ்ஃபெஸ்ட்டின் இராமேஸ்வரம் செய்தியாளர் தெரிவித்தார்.	சுமார் செழ்க்க் உம் மேற்ப்பட்ட விசைப்படகுகள் கரையில் நிறுத்தி வைக்கப் பட்ட் உள்ளதன் , சுமார் 10,000 மமனவர்கள் உம் 5 ,000 கடற்ற் ஆலில்கள் உம் பணிப்பகிஷ்கரிப்பில் படுபடவ் உள்ளத் ஆக நியூஸ்ஃபெஸ்ட்டின் இராமேஸ்வரம் செய்தியாளர் தெரிவித்தன .	3sghe	3pln	3	sg	he
சுமார் 850-க்கும் மேற்ப்பட்ட விசைப்படகுகள் கரையில் நிறுத்தி வைக்கப்பட்டுள்ளதுடன், சுமார் 10,000 மீனவர்களும்  5,000 கடற்றொழிலாளர்களும் பணிப்பகிஷ்கரிப்பில் ஈடுபடவுள்ளதாக நியூஸ்ஃபெஸ்ட்டின் இராமேஸ்வரம் செய்தியாளர் தெரிவித்தார்.	சுமார் செழ்க்க் உம் மேற்ப்பட்ட விசைப்படகுகள் கரையில் நிறுத்தி வைக்கப் பட்ட் உள்ளதன் , சுமார் 10,000 மமனவர்கள் உம் 5 ,000 கடற்ற் ஆலில்கள் உம் பணிப்பகிஷ்கரிப்பில் படுபடவ் உள்ளத் ஆக நியூஸ்ஃபெஸ்ட்டின் இராமேஸ்வரம் செய்தியாளர் தெரிவித்தன் .	3sghe	1sg	3	sg	he
சுமார் 850-க்கும் மேற்ப்பட்ட விசைப்படகுகள் கரையில் நிறுத்தி வைக்கப்பட்டுள்ளதுடன், சுமார் 10,000 மீனவர்களும்  5,000 கடற்றொழிலாளர்களும் பணிப்பகிஷ்கரிப்பில் ஈடுபடவுள்ளதாக நியூஸ்ஃபெஸ்ட்டின் இராமேஸ்வரம் செய்தியாளர் தெரிவித்தார்.	சுமார் செழ்க்க் உம் மேற்ப்பட்ட விசைப்படகுகள் கரையில் நிறுத்தி வைக்கப் பட்ட் உள்ளதன் , சுமார் 10,000 மமனவர்கள் உம் 5 ,000 கடற்ற் ஆலில்கள் உம் பணிப்பகிஷ்கரிப்பில் படுபடவ் உள்ளத் ஆக நியூஸ்ஃபெஸ்ட்டின் இராமேஸ்வரம் செய்தியாளர் தெரிவித்தாய் .	3sghe	2sg	3	sg	he
சுமார் 850-க்கும் மேற்ப்பட்ட விசைப்படகுகள் கரையில் நிறுத்தி வைக்கப்பட்டுள்ளதுடன், சுமார் 10,000 மீனவர்களும்  5,000 கடற்றொழிலாளர்களும் பணிப்பகிஷ்கரிப்பில் ஈடுபடவுள்ளதாக நியூஸ்ஃபெஸ்ட்டின் இராமேஸ்வரம் செய்தியாளர் தெரிவித்தார்.	சுமார் செழ்க்க் உம் மேற்ப்பட்ட விசைப்படகுகள் கரையில் நிறுத்தி வைக்கப் பட்ட் உள்ளதன் , சுமார் 10,000 மமனவர்கள் உம் 5 ,000 கடற்ற் ஆலில்கள் உம் பணிப்பகிஷ்கரிப்பில் படுபடவ் உள்ளத் ஆக நியூஸ்ஃபெஸ்ட்டின் இராமேஸ்வரம் செய்தியாளர் தெரிவித்தீர் .	3sghe	2sgh	3	sg	he
இலங்கை கடற்பரப்பில் இழுவைப்படகு மீன்பிடி முறையை தடை செய்யும் சட்டமூலம் கடந்த வருடம் ஜூலை மாதம் பாராளுமன்றத்தில் நிறைவேற்றப்பட்டது.	இலங்கை கடற்பரப்பில் இழுவைப்படகு மீன்பிடி முறையை தடை செய்யும் சட்டமூலம் கடந்த வருடம் ஜூலை மாதம் பாராளுமன்றத்தில் நிறைவைற்றப் படுத்தோம் .	3sgn	1pl	3	sg	n
இலங்கை கடற்பரப்பில் இழுவைப்படகு மீன்பிடி முறையை தடை செய்யும் சட்டமூலம் கடந்த வருடம் ஜூலை மாதம் பாராளுமன்றத்தில் நிறைவேற்றப்பட்டது.	இலங்கை கடற்பரப்பில் இழுவைப்படகு மீன்பிடி முறையை தடை செய்யும் சட்டமூலம் கடந்த வருடம் ஜூலை மாதம் பாராளுமன்றத்தில் நிறைவைற்றப் படுத்தீர்கள் .	3sgn	2pl	3	sg	n
இலங்கை கடற்பரப்பில் இழுவைப்படகு மீன்பிடி முறையை தடை செய்யும் சட்டமூலம் கடந்த வருடம் ஜூலை மாதம் பாராளுமன்றத்தில் நிறைவேற்றப்பட்டது.	இலங்கை கடற்பரப்பில் இழுவைப்படகு மீன்பிடி முறையை தடை செய்யும் சட்டமூலம் கடந்த வருடம் ஜூலை மாதம் பாராளுமன்றத்தில் நிறைவைற்றப் படுத்தார்கள் .	3sgn	3ple	3	sg	n
இலங்கை கடற்பரப்பில் இழுவைப்படகு மீன்பிடி முறையை தடை செய்யும் சட்டமூலம் கடந்த வருடம் ஜூலை மாதம் பாராளுமன்றத்தில் நிறைவேற்றப்பட்டது.	இலங்கை கடற்பரப்பில் இழுவைப்படகு மீன்பிடி முறையை தடை செய்யும் சட்டமூலம் கடந்த வருடம் ஜூலை மாதம் பாராளுமன்றத்தில் நிறைவைற்றப் படுத்தன .	3sgn	3pln	3	sg	n
இலங்கை கடற்பரப்பில் இழுவைப்படகு மீன்பிடி முறையை தடை செய்யும் சட்டமூலம் கடந்த வருடம் ஜூலை மாதம் பாராளுமன்றத்தில் நிறைவேற்றப்பட்டது.	இலங்கை கடற்பரப்பில் இழுவைப்படகு மீன்பிடி முறையை தடை செய்யும் சட்டமூலம் கடந்த வருடம் ஜூலை மாதம் பாராளுமன்றத்தில் நிறைவைற்றப் படுத்தாள் .	3sgn	3sgf	3	sg	n
இலங்கை கடற்பரப்பில் இழுவைப்படகு மீன்பிடி முறையை தடை செய்யும் சட்டமூலம் கடந்த வருடம் ஜூலை மாதம் பாராளுமன்றத்தில் நிறைவேற்றப்பட்டது.	இலங்கை கடற்பரப்பில் இழுவைப்படகு மீன்பிடி முறையை தடை செய்யும் சட்டமூலம் கடந்த வருடம் ஜூலை மாதம் பாராளுமன்றத்தில் நிறைவைற்றப் படுத்தான் .	3sgn	3sgm	3	sg	n
இலங்கை கடற்பரப்பில் இழுவைப்படகு மீன்பிடி முறையை தடை செய்யும் சட்டமூலம் கடந்த வருடம் ஜூலை மாதம் பாராளுமன்றத்தில் நிறைவேற்றப்பட்டது.	இலங்கை கடற்பரப்பில் இழுவைப்படகு மீன்பிடி முறையை தடை செய்யும் சட்டமூலம் கடந்த வருடம் ஜூலை மாதம் பாராளுமன்றத்தில் நிறைவைற்றப் பட்டன் .	3sgn	1sg	3	sg	n
இலங்கை கடற்பரப்பில் இழுவைப்படகு மீன்பிடி முறையை தடை செய்யும் சட்டமூலம் கடந்த வருடம் ஜூலை மாதம் பாராளுமன்றத்தில் நிறைவேற்றப்பட்டது.	இலங்கை கடற்பரப்பில் இழுவைப்படகு மீன்பிடி முறையை தடை செய்யும் சட்டமூலம் கடந்த வருடம் ஜூலை மாதம் பாராளுமன்றத்தில் நிறைவைற்றப் படுத்தேன் .	3sgn	1sg	3	sg	n
இலங்கை கடற்பரப்பில் இழுவைப்படகு மீன்பிடி முறையை தடை செய்யும் சட்டமூலம் கடந்த வருடம் ஜூலை மாதம் பாராளுமன்றத்தில் நிறைவேற்றப்பட்டது.	இலங்கை கடற்பரப்பில் இழுவைப்படகு மீன்பிடி முறையை தடை செய்யும் சட்டமூலம் கடந்த வருடம் ஜூலை மாதம் பாராளுமன்றத்தில் நிறைவைற்றப் படுத்தன் .	3sgn	1sg	3	sg	n
இலங்கை கடற்பரப்பில் இழுவைப்படகு மீன்பிடி முறையை தடை செய்யும் சட்டமூலம் கடந்த வருடம் ஜூலை மாதம் பாராளுமன்றத்தில் நிறைவேற்றப்பட்டது.	இலங்கை கடற்பரப்பில் இழுவைப்படகு மீன்பிடி முறையை தடை செய்யும் சட்டமூலம் கடந்த வருடம் ஜூலை மாதம் பாராளுமன்றத்தில் நிறைவைற்றப் படுத்தாய் .	3sgn	2sg	3	sg	n
இலங்கை கடற்பரப்பில் இழுவைப்படகு மீன்பிடி முறையை தடை செய்யும் சட்டமூலம் கடந்த வருடம் ஜூலை மாதம் பாராளுமன்றத்தில் நிறைவேற்றப்பட்டது.	இலங்கை கடற்பரப்பில் இழுவைப்படகு மீன்பிடி முறையை தடை செய்யும் சட்டமூலம் கடந்த வருடம் ஜூலை மாதம் பாராளுமன்றத்தில் நிறைவைற்றப் படுத்தீர் .	3sgn	2sgh	3	sg	n
சுயாதீன ஆணைக்குழுக்களுக்கு தகுதியான உறுப்பினர்களை தெரிவுசெய்வதற்கான பொறுப்பு அரசியலமைப்பு பேரவைக்கு வழங்கப்பட்டிருந்தது.	சுயாதீன ஆணைக்குழுக்களுக்கு தகுதியான உறுப்பினர்களை தெரிவிய் இய்வதற்க் ஆன பொறுப்பு அரசியலமைப்பு பேரவைக்கு வழங்கப் பட்ட் இருந்தோம் .	3sgn	1pl	3	sg	n
சுயாதீன ஆணைக்குழுக்களுக்கு தகுதியான உறுப்பினர்களை தெரிவுசெய்வதற்கான பொறுப்பு அரசியலமைப்பு பேரவைக்கு வழங்கப்பட்டிருந்தது.	சுயாதீன ஆணைக்குழுக்களுக்கு தகுதியான உறுப்பினர்களை தெரிவிய் இய்வதற்க் ஆன பொறுப்பு அரசியலமைப்பு பேரவைக்கு வழங்கப் பட்ட் இருந்தீர்கள் .	3sgn	2pl	3	sg	n
சுயாதீன ஆணைக்குழுக்களுக்கு தகுதியான உறுப்பினர்களை தெரிவுசெய்வதற்கான பொறுப்பு அரசியலமைப்பு பேரவைக்கு வழங்கப்பட்டிருந்தது.	சுயாதீன ஆணைக்குழுக்களுக்கு தகுதியான உறுப்பினர்களை தெரிவிய் இய்வதற்க் ஆன பொறுப்பு அரசியலமைப்பு பேரவைக்கு வழங்கப் பட்ட் இருந்தார்கள் .	3sgn	3ple	3	sg	n
சுயாதீன ஆணைக்குழுக்களுக்கு தகுதியான உறுப்பினர்களை தெரிவுசெய்வதற்கான பொறுப்பு அரசியலமைப்பு பேரவைக்கு வழங்கப்பட்டிருந்தது.	சுயாதீன ஆணைக்குழுக்களுக்கு தகுதியான உறுப்பினர்களை தெரிவிய் இய்வதற்க் ஆன பொறுப்பு அரசியலமைப்பு பேரவைக்கு வழங்கப் பட்ட் இருந்தன .	3sgn	3pln	3	sg	n
சுயாதீன ஆணைக்குழுக்களுக்கு தகுதியான உறுப்பினர்களை தெரிவுசெய்வதற்கான பொறுப்பு அரசியலமைப்பு பேரவைக்கு வழங்கப்பட்டிருந்தது.	சுயாதீன ஆணைக்குழுக்களுக்கு தகுதியான உறுப்பினர்களை தெரிவிய் இய்வதற்க் ஆன பொறுப்பு அரசியலமைப்பு பேரவைக்கு வழங்கப் பட்ட் இருந்தாள் .	3sgn	3sgf	3	sg	n
சுயாதீன ஆணைக்குழுக்களுக்கு தகுதியான உறுப்பினர்களை தெரிவுசெய்வதற்கான பொறுப்பு அரசியலமைப்பு பேரவைக்கு வழங்கப்பட்டிருந்தது.	சுயாதீன ஆணைக்குழுக்களுக்கு தகுதியான உறுப்பினர்களை தெரிவிய் இய்வதற்க் ஆன பொறுப்பு அரசியலமைப்பு பேரவைக்கு வழங்கப் பட்ட் இருந்தான் .	3sgn	3sgm	3	sg	n
சுயாதீன ஆணைக்குழுக்களுக்கு தகுதியான உறுப்பினர்களை தெரிவுசெய்வதற்கான பொறுப்பு அரசியலமைப்பு பேரவைக்கு வழங்கப்பட்டிருந்தது.	சுயாதீன ஆணைக்குழுக்களுக்கு தகுதியான உறுப்பினர்களை தெரிவிய் இய்வதற்க் ஆன பொறுப்பு அரசியலமைப்பு பேரவைக்கு வழங்கப் பட்ட் இருத்தன் .	3sgn	1sg	3	sg	n
சுயாதீன ஆணைக்குழுக்களுக்கு தகுதியான உறுப்பினர்களை தெரிவுசெய்வதற்கான பொறுப்பு அரசியலமைப்பு பேரவைக்கு வழங்கப்பட்டிருந்தது.	சுயாதீன ஆணைக்குழுக்களுக்கு தகுதியான உறுப்பினர்களை தெரிவிய் இய்வதற்க் ஆன பொறுப்பு அரசியலமைப்பு பேரவைக்கு வழங்கப் பட்ட் இருந்தேன் .	3sgn	1sg	3	sg	n
சுயாதீன ஆணைக்குழுக்களுக்கு தகுதியான உறுப்பினர்களை தெரிவுசெய்வதற்கான பொறுப்பு அரசியலமைப்பு பேரவைக்கு வழங்கப்பட்டிருந்தது.	சுயாதீன ஆணைக்குழுக்களுக்கு தகுதியான உறுப்பினர்களை தெரிவிய் இய்வதற்க் ஆன பொறுப்பு அரசியலமைப்பு பேரவைக்கு வழங்கப் பட்ட் இருந்தன் .	3sgn	1sg	3	sg	n
சுயாதீன ஆணைக்குழுக்களுக்கு தகுதியான உறுப்பினர்களை தெரிவுசெய்வதற்கான பொறுப்பு அரசியலமைப்பு பேரவைக்கு வழங்கப்பட்டிருந்தது.	சுயாதீன ஆணைக்குழுக்களுக்கு தகுதியான உறுப்பினர்களை தெரிவிய் இய்வதற்க் ஆன பொறுப்பு அரசியலமைப்பு பேரவைக்கு வழங்கப் பட்ட் இருந்தாய் .	3sgn	2sg	3	sg	n
சுயாதீன ஆணைக்குழுக்களுக்கு தகுதியான உறுப்பினர்களை தெரிவுசெய்வதற்கான பொறுப்பு அரசியலமைப்பு பேரவைக்கு வழங்கப்பட்டிருந்தது.	சுயாதீன ஆணைக்குழுக்களுக்கு தகுதியான உறுப்பினர்களை தெரிவிய் இய்வதற்க் ஆன பொறுப்பு அரசியலமைப்பு பேரவைக்கு வழங்கப் பட்ட் இருந்தீர் .	3sgn	2sgh	3	sg	n
இதற்கமைய ஒளிபரப்பு நடவடிக்கைக்கான ஏற்பாடுகளை மேற்கொள்ளுமாறும் காட்சிகளைப் பெறுவதற்கு இலங்கை ரூபவாஹினி கூடுத்தாபனத்தின் நடப்பு விவகார பிரிவின் பிரதிப் பணிப்பாளர் நாயகம் திலக் மஹகமகேயுடன் தொடர்புகொள்ளுமாறும் பேராசிரியர் அத்துகல தனது கடிதத்தில் கூறியிருந்தார்.	இதற்கமைய ஒளிபரப்பு நடவடிக்க்க் ஆக ஏற்பாடுகளை மேற்கொள்ளுமாறும் காட்சிகளைப் பெறுவதற்கு இலங்கை ரூபவாஹினி கூடுத்தாபனத்தின் நடப்பு விவகார பிரிவின் பிரதிப் பணிப்பாளர் நாயகம் திலக் மஹகமகேயுடன் தொடர்புகொள்ளுமாறும் பேராசிரியர் அத்துகல தனது கடிதத்தில் கூறிய் இருந்தோம் .	3sghe	1pl	3	sg	he
இதற்கமைய ஒளிபரப்பு நடவடிக்கைக்கான ஏற்பாடுகளை மேற்கொள்ளுமாறும் காட்சிகளைப் பெறுவதற்கு இலங்கை ரூபவாஹினி கூடுத்தாபனத்தின் நடப்பு விவகார பிரிவின் பிரதிப் பணிப்பாளர் நாயகம் திலக் மஹகமகேயுடன் தொடர்புகொள்ளுமாறும் பேராசிரியர் அத்துகல தனது கடிதத்தில் கூறியிருந்தார்.	இதற்கமைய ஒளிபரப்பு நடவடிக்க்க் ஆக ஏற்பாடுகளை மேற்கொள்ளுமாறும் காட்சிகளைப் பெறுவதற்கு இலங்கை ரூபவாஹினி கூடுத்தாபனத்தின் நடப்பு விவகார பிரிவின் பிரதிப் பணிப்பாளர் நாயகம் திலக் மஹகமகேயுடன் தொடர்புகொள்ளுமாறும் பேராசிரியர் அத்துகல தனது கடிதத்தில் கூறிய் இருந்தீர்கள் .	3sghe	2pl	3	sg	he
இதற்கமைய ஒளிபரப்பு நடவடிக்கைக்கான ஏற்பாடுகளை மேற்கொள்ளுமாறும் காட்சிகளைப் பெறுவதற்கு இலங்கை ரூபவாஹினி கூடுத்தாபனத்தின் நடப்பு விவகார பிரிவின் பிரதிப் பணிப்பாளர் நாயகம் திலக் மஹகமகேயுடன் தொடர்புகொள்ளுமாறும் பேராசிரியர் அத்துகல தனது கடிதத்தில் கூறியிருந்தார்.	இதற்கமைய ஒளிபரப்பு நடவடிக்க்க் ஆக ஏற்பாடுகளை மேற்கொள்ளுமாறும் காட்சிகளைப் பெறுவதற்கு இலங்கை ரூபவாஹினி கூடுத்தாபனத்தின் நடப்பு விவகார பிரிவின் பிரதிப் பணிப்பாளர் நாயகம் திலக் மஹகமகேயுடன் தொடர்புகொள்ளுமாறும் பேராசிரியர் அத்துகல தனது கடிதத்தில் கூறிய் இருந்தார்கள் .	3sghe	3ple	3	sg	he
இதற்கமைய ஒளிபரப்பு நடவடிக்கைக்கான ஏற்பாடுகளை மேற்கொள்ளுமாறும் காட்சிகளைப் பெறுவதற்கு இலங்கை ரூபவாஹினி கூடுத்தாபனத்தின் நடப்பு விவகார பிரிவின் பிரதிப் பணிப்பாளர் நாயகம் திலக் மஹகமகேயுடன் தொடர்புகொள்ளுமாறும் பேராசிரியர் அத்துகல தனது கடிதத்தில் கூறியிருந்தார்.	இதற்கமைய ஒளிபரப்பு நடவடிக்க்க் ஆக ஏற்பாடுகளை மேற்கொள்ளுமாறும் காட்சிகளைப் பெறுவதற்கு இலங்கை ரூபவாஹினி கூடுத்தாபனத்தின் நடப்பு விவகார பிரிவின் பிரதிப் பணிப்பாளர் நாயகம் திலக் மஹகமகேயுடன் தொடர்புகொள்ளுமாறும் பேராசிரியர் அத்துகல தனது கடிதத்தில் கூறிய் இருந்தன .	3sghe	3pln	3	sg	he
இதற்கமைய ஒளிபரப்பு நடவடிக்கைக்கான ஏற்பாடுகளை மேற்கொள்ளுமாறும் காட்சிகளைப் பெறுவதற்கு இலங்கை ரூபவாஹினி கூடுத்தாபனத்தின் நடப்பு விவகார பிரிவின் பிரதிப் பணிப்பாளர் நாயகம் திலக் மஹகமகேயுடன் தொடர்புகொள்ளுமாறும் பேராசிரியர் அத்துகல தனது கடிதத்தில் கூறியிருந்தார்.	இதற்கமைய ஒளிபரப்பு நடவடிக்க்க் ஆக ஏற்பாடுகளை மேற்கொள்ளுமாறும் காட்சிகளைப் பெறுவதற்கு இலங்கை ரூபவாஹினி கூடுத்தாபனத்தின் நடப்பு விவகார பிரிவின் பிரதிப் பணிப்பாளர் நாயகம் திலக் மஹகமகேயுடன் தொடர்புகொள்ளுமாறும் பேராசிரியர் அத்துகல தனது கடிதத்தில் கூறிய் இருத்தன் .	3sghe	1sg	3	sg	he
இதற்கமைய ஒளிபரப்பு நடவடிக்கைக்கான ஏற்பாடுகளை மேற்கொள்ளுமாறும் காட்சிகளைப் பெறுவதற்கு இலங்கை ரூபவாஹினி கூடுத்தாபனத்தின் நடப்பு விவகார பிரிவின் பிரதிப் பணிப்பாளர் நாயகம் திலக் மஹகமகேயுடன் தொடர்புகொள்ளுமாறும் பேராசிரியர் அத்துகல தனது கடிதத்தில் கூறியிருந்தார்.	இதற்கமைய ஒளிபரப்பு நடவடிக்க்க் ஆக ஏற்பாடுகளை மேற்கொள்ளுமாறும் காட்சிகளைப் பெறுவதற்கு இலங்கை ரூபவாஹினி கூடுத்தாபனத்தின் நடப்பு விவகார பிரிவின் பிரதிப் பணிப்பாளர் நாயகம் திலக் மஹகமகேயுடன் தொடர்புகொள்ளுமாறும் பேராசிரியர் அத்துகல தனது கடிதத்தில் கூறிய் இருந்தேன் .	3sghe	1sg	3	sg	he
இதற்கமைய ஒளிபரப்பு நடவடிக்கைக்கான ஏற்பாடுகளை மேற்கொள்ளுமாறும் காட்சிகளைப் பெறுவதற்கு இலங்கை ரூபவாஹினி கூடுத்தாபனத்தின் நடப்பு விவகார பிரிவின் பிரதிப் பணிப்பாளர் நாயகம் திலக் மஹகமகேயுடன் தொடர்புகொள்ளுமாறும் பேராசிரியர் அத்துகல தனது கடிதத்தில் கூறியிருந்தார்.	இதற்கமைய ஒளிபரப்பு நடவடிக்க்க் ஆக ஏற்பாடுகளை மேற்கொள்ளுமாறும் காட்சிகளைப் பெறுவதற்கு இலங்கை ரூபவாஹினி கூடுத்தாபனத்தின் நடப்பு விவகார பிரிவின் பிரதிப் பணிப்பாளர் நாயகம் திலக் மஹகமகேயுடன் தொடர்புகொள்ளுமாறும் பேராசிரியர் அத்துகல தனது கடிதத்தில் கூறிய் இருந்தன் .	3sghe	1sg	3	sg	he
இதற்கமைய ஒளிபரப்பு நடவடிக்கைக்கான ஏற்பாடுகளை மேற்கொள்ளுமாறும் காட்சிகளைப் பெறுவதற்கு இலங்கை ரூபவாஹினி கூடுத்தாபனத்தின் நடப்பு விவகார பிரிவின் பிரதிப் பணிப்பாளர் நாயகம் திலக் மஹகமகேயுடன் தொடர்புகொள்ளுமாறும் பேராசிரியர் அத்துகல தனது கடிதத்தில் கூறியிருந்தார்.	இதற்கமைய ஒளிபரப்பு நடவடிக்க்க் ஆக ஏற்பாடுகளை மேற்கொள்ளுமாறும் காட்சிகளைப் பெறுவதற்கு இலங்கை ரூபவாஹினி கூடுத்தாபனத்தின் நடப்பு விவகார பிரிவின் பிரதிப் பணிப்பாளர் நாயகம் திலக் மஹகமகேயுடன் தொடர்புகொள்ளுமாறும் பேராசிரியர் அத்துகல தனது கடிதத்தில் கூறிய் இருந்தாய் .	3sghe	2sg	3	sg	he
இதற்கமைய ஒளிபரப்பு நடவடிக்கைக்கான ஏற்பாடுகளை மேற்கொள்ளுமாறும் காட்சிகளைப் பெறுவதற்கு இலங்கை ரூபவாஹினி கூடுத்தாபனத்தின் நடப்பு விவகார பிரிவின் பிரதிப் பணிப்பாளர் நாயகம் திலக் மஹகமகேயுடன் தொடர்புகொள்ளுமாறும் பேராசிரியர் அத்துகல தனது கடிதத்தில் கூறியிருந்தார்.	இதற்கமைய ஒளிபரப்பு நடவடிக்க்க் ஆக ஏற்பாடுகளை மேற்கொள்ளுமாறும் காட்சிகளைப் பெறுவதற்கு இலங்கை ரூபவாஹினி கூடுத்தாபனத்தின் நடப்பு விவகார பிரிவின் பிரதிப் பணிப்பாளர் நாயகம் திலக் மஹகமகேயுடன் தொடர்புகொள்ளுமாறும் பேராசிரியர் அத்துகல தனது கடிதத்தில் கூறிய் இருந்தீர் .	3sghe	2sgh	3	sg	he
இந்தக் கடிதத்தின் பிரகாரம் திலக் மஹகமகேயுடன் தொர்புகொண்டு காட்சிகளை பெற்றுக்கொள்வதற்கு நடவடிக்கை எடுத்தோம்.	இந்தக் கடிதத்தின் பிரகாரம் திலக் மஹகமகேயுடன் தொர்புகொண்டு காட்சிகளை பெற்றுக்கொள்வதற்கு நடவடிக்கை எடுத்தன் .	1pl	1sg	1	pl	
இந்தக் கடிதத்தின் பிரகாரம் திலக் மஹகமகேயுடன் தொர்புகொண்டு காட்சிகளை பெற்றுக்கொள்வதற்கு நடவடிக்கை எடுத்தோம்.	இந்தக் கடிதத்தின் பிரகாரம் திலக் மஹகமகேயுடன் தொர்புகொண்டு காட்சிகளை பெற்றுக்கொள்வதற்கு நடவடிக்கை எடுத்தாய் .	1pl	2sg	1	pl	
இந்தக் கடிதத்தின் பிரகாரம் திலக் மஹகமகேயுடன் தொர்புகொண்டு காட்சிகளை பெற்றுக்கொள்வதற்கு நடவடிக்கை எடுத்தோம்.	இந்தக் கடிதத்தின் பிரகாரம் திலக் மஹகமகேயுடன் தொர்புகொண்டு காட்சிகளை பெற்றுக்கொள்வதற்கு நடவடிக்கை எடுத்தீர் .	1pl	2sgh	1	pl	
இந்தக் கடிதத்தின் பிரகாரம் திலக் மஹகமகேயுடன் தொர்புகொண்டு காட்சிகளை பெற்றுக்கொள்வதற்கு நடவடிக்கை எடுத்தோம்.	இந்தக் கடிதத்தின் பிரகாரம் திலக் மஹகமகேயுடன் தொர்புகொண்டு காட்சிகளை பெற்றுக்கொள்வதற்கு நடவடிக்கை எடுத்தர் .	1pl	3sge	1	pl	
இந்தக் கடிதத்தின் பிரகாரம் திலக் மஹகமகேயுடன் தொர்புகொண்டு காட்சிகளை பெற்றுக்கொள்வதற்கு நடவடிக்கை எடுத்தோம்.	இந்தக் கடிதத்தின் பிரகாரம் திலக் மஹகமகேயுடன் தொர்புகொண்டு காட்சிகளை பெற்றுக்கொள்வதற்கு நடவடிக்கை எடுத்தாள் .	1pl	3sgf	1	pl	
இந்தக் கடிதத்தின் பிரகாரம் திலக் மஹகமகேயுடன் தொர்புகொண்டு காட்சிகளை பெற்றுக்கொள்வதற்கு நடவடிக்கை எடுத்தோம்.	இந்தக் கடிதத்தின் பிரகாரம் திலக் மஹகமகேயுடன் தொர்புகொண்டு காட்சிகளை பெற்றுக்கொள்வதற்கு நடவடிக்கை எடுத்தார்கள் .	1pl	3sghe	1	pl	
இந்தக் கடிதத்தின் பிரகாரம் திலக் மஹகமகேயுடன் தொர்புகொண்டு காட்சிகளை பெற்றுக்கொள்வதற்கு நடவடிக்கை எடுத்தோம்.	இந்தக் கடிதத்தின் பிரகாரம் திலக் மஹகமகேயுடன் தொர்புகொண்டு காட்சிகளை பெற்றுக்கொள்வதற்கு நடவடிக்கை எடுத்தான் .	1pl	3sgm	1	pl	
இந்தக் கடிதத்தின் பிரகாரம் திலக் மஹகமகேயுடன் தொர்புகொண்டு காட்சிகளை பெற்றுக்கொள்வதற்கு நடவடிக்கை எடுத்தோம்.	இந்தக் கடிதத்தின் பிரகாரம் திலக் மஹகமகேயுடன் தொர்புகொண்டு காட்சிகளை பெற்றுக்கொள்வதற்கு நடவடிக்கை எடுத்தது .	1pl	3sgn	1	pl	
இந்தக் கடிதத்தின் பிரகாரம் திலக் மஹகமகேயுடன் தொர்புகொண்டு காட்சிகளை பெற்றுக்கொள்வதற்கு நடவடிக்கை எடுத்தோம்.	இந்தக் கடிதத்தின் பிரகாரம் திலக் மஹகமகேயுடன் தொர்புகொண்டு காட்சிகளை பெற்றுக்கொள்வதற்கு நடவடிக்கை எடுத்தீர்கள் .	1pl	2pl	1	pl	
இந்தக் கடிதத்தின் பிரகாரம் திலக் மஹகமகேயுடன் தொர்புகொண்டு காட்சிகளை பெற்றுக்கொள்வதற்கு நடவடிக்கை எடுத்தோம்.	இந்தக் கடிதத்தின் பிரகாரம் திலக் மஹகமகேயுடன் தொர்புகொண்டு காட்சிகளை பெற்றுக்கொள்வதற்கு நடவடிக்கை எடுத்தார்கள் .	1pl	3ple	1	pl	
இந்தக் கடிதத்தின் பிரகாரம் திலக் மஹகமகேயுடன் தொர்புகொண்டு காட்சிகளை பெற்றுக்கொள்வதற்கு நடவடிக்கை எடுத்தோம்.	இந்தக் கடிதத்தின் பிரகாரம் திலக் மஹகமகேயுடன் தொர்புகொண்டு காட்சிகளை பெற்றுக்கொள்வதற்கு நடவடிக்கை எடுத்தன .	1pl	3pln	1	pl	
இந்த சந்தர்ப்பத்தில் பொது வேட்பாளர் மைத்திரிபால சிறிசேன வேட்புமனு தாக்கல் செய்துகொண்டிருந்தார்.	இந்த சந்தர்ப்பத்தில் பொது வேட்பாளர் மைத்திரிபால சிறிசேன வேட்புமனு தாக்கல் செய்துக்க் இருந்தோம் .	3sghe	1pl	3	sg	he
இந்த சந்தர்ப்பத்தில் பொது வேட்பாளர் மைத்திரிபால சிறிசேன வேட்புமனு தாக்கல் செய்துகொண்டிருந்தார்.	இந்த சந்தர்ப்பத்தில் பொது வேட்பாளர் மைத்திரிபால சிறிசேன வேட்புமனு தாக்கல் செய்துக்க் இருந்தீர்கள் .	3sghe	2pl	3	sg	he
இந்த சந்தர்ப்பத்தில் பொது வேட்பாளர் மைத்திரிபால சிறிசேன வேட்புமனு தாக்கல் செய்துகொண்டிருந்தார்.	இந்த சந்தர்ப்பத்தில் பொது வேட்பாளர் மைத்திரிபால சிறிசேன வேட்புமனு தாக்கல் செய்துக்க் இருந்தார்கள் .	3sghe	3ple	3	sg	he
இந்த சந்தர்ப்பத்தில் பொது வேட்பாளர் மைத்திரிபால சிறிசேன வேட்புமனு தாக்கல் செய்துகொண்டிருந்தார்.	இந்த சந்தர்ப்பத்தில் பொது வேட்பாளர் மைத்திரிபால சிறிசேன வேட்புமனு தாக்கல் செய்துக்க் இருந்தன .	3sghe	3pln	3	sg	he
இந்த சந்தர்ப்பத்தில் பொது வேட்பாளர் மைத்திரிபால சிறிசேன வேட்புமனு தாக்கல் செய்துகொண்டிருந்தார்.	இந்த சந்தர்ப்பத்தில் பொது வேட்பாளர் மைத்திரிபால சிறிசேன வேட்புமனு தாக்கல் செய்துக்க் இருத்தன் .	3sghe	1sg	3	sg	he
இந்த சந்தர்ப்பத்தில் பொது வேட்பாளர் மைத்திரிபால சிறிசேன வேட்புமனு தாக்கல் செய்துகொண்டிருந்தார்.	இந்த சந்தர்ப்பத்தில் பொது வேட்பாளர் மைத்திரிபால சிறிசேன வேட்புமனு தாக்கல் செய்துக்க் இருந்தேன் .	3sghe	1sg	3	sg	he
இந்த சந்தர்ப்பத்தில் பொது வேட்பாளர் மைத்திரிபால சிறிசேன வேட்புமனு தாக்கல் செய்துகொண்டிருந்தார்.	இந்த சந்தர்ப்பத்தில் பொது வேட்பாளர் மைத்திரிபால சிறிசேன வேட்புமனு தாக்கல் செய்துக்க் இருந்தன் .	3sghe	1sg	3	sg	he
இந்த சந்தர்ப்பத்தில் பொது வேட்பாளர் மைத்திரிபால சிறிசேன வேட்புமனு தாக்கல் செய்துகொண்டிருந்தார்.	இந்த சந்தர்ப்பத்தில் பொது வேட்பாளர் மைத்திரிபால சிறிசேன வேட்புமனு தாக்கல் செய்துக்க் இருந்தாய் .	3sghe	2sg	3	sg	he
இந்த சந்தர்ப்பத்தில் பொது வேட்பாளர் மைத்திரிபால சிறிசேன வேட்புமனு தாக்கல் செய்துகொண்டிருந்தார்.	இந்த சந்தர்ப்பத்தில் பொது வேட்பாளர் மைத்திரிபால சிறிசேன வேட்புமனு தாக்கல் செய்துக்க் இருந்தீர் .	3sghe	2sgh	3	sg	he
அதனைத் தொடர்ந்து இந்த விடயம் தொடர்பாக ஊடகத்துறை அமைச்சின்    செயலாளர் சரித்த ஹேரத்திற்கு நியூஸ்பெஸ்ட் அறிவித்தது.	அதனைத் தொடர்ந்து இந்த விடயம் தொடர்பாக ஊடகத்துறை அமைச்சின் செயலாளர் சரித்த ஹேரத்திற்கு நியூஸ்பெஸ்ட் அறிப்பித்தோம் .	3sgn	1pl	3	sg	n
அதனைத் தொடர்ந்து இந்த விடயம் தொடர்பாக ஊடகத்துறை அமைச்சின்    செயலாளர் சரித்த ஹேரத்திற்கு நியூஸ்பெஸ்ட் அறிவித்தது.	அதனைத் தொடர்ந்து இந்த விடயம் தொடர்பாக ஊடகத்துறை அமைச்சின் செயலாளர் சரித்த ஹேரத்திற்கு நியூஸ்பெஸ்ட் அறிப்பித்தீர்கள் .	3sgn	2pl	3	sg	n
அதனைத் தொடர்ந்து இந்த விடயம் தொடர்பாக ஊடகத்துறை அமைச்சின்    செயலாளர் சரித்த ஹேரத்திற்கு நியூஸ்பெஸ்ட் அறிவித்தது.	அதனைத் தொடர்ந்து இந்த விடயம் தொடர்பாக ஊடகத்துறை அமைச்சின் செயலாளர் சரித்த ஹேரத்திற்கு நியூஸ்பெஸ்ட் அறிப்பித்தார்கள் .	3sgn	3ple	3	sg	n
அதனைத் தொடர்ந்து இந்த விடயம் தொடர்பாக ஊடகத்துறை அமைச்சின்    செயலாளர் சரித்த ஹேரத்திற்கு நியூஸ்பெஸ்ட் அறிவித்தது.	அதனைத் தொடர்ந்து இந்த விடயம் தொடர்பாக ஊடகத்துறை அமைச்சின் செயலாளர் சரித்த ஹேரத்திற்கு நியூஸ்பெஸ்ட் அறிப்பித்தன .	3sgn	3pln	3	sg	n
அதனைத் தொடர்ந்து இந்த விடயம் தொடர்பாக ஊடகத்துறை அமைச்சின்    செயலாளர் சரித்த ஹேரத்திற்கு நியூஸ்பெஸ்ட் அறிவித்தது.	அதனைத் தொடர்ந்து இந்த விடயம் தொடர்பாக ஊடகத்துறை அமைச்சின் செயலாளர் சரித்த ஹேரத்திற்கு நியூஸ்பெஸ்ட் அறிப்பித்தாள் .	3sgn	3sgf	3	sg	n
அதனைத் தொடர்ந்து இந்த விடயம் தொடர்பாக ஊடகத்துறை அமைச்சின்    செயலாளர் சரித்த ஹேரத்திற்கு நியூஸ்பெஸ்ட் அறிவித்தது.	அதனைத் தொடர்ந்து இந்த விடயம் தொடர்பாக ஊடகத்துறை அமைச்சின் செயலாளர் சரித்த ஹேரத்திற்கு நியூஸ்பெஸ்ட் அறிப்பித்தான் .	3sgn	3sgm	3	sg	n
அதனைத் தொடர்ந்து இந்த விடயம் தொடர்பாக ஊடகத்துறை அமைச்சின்    செயலாளர் சரித்த ஹேரத்திற்கு நியூஸ்பெஸ்ட் அறிவித்தது.	அதனைத் தொடர்ந்து இந்த விடயம் தொடர்பாக ஊடகத்துறை அமைச்சின் செயலாளர் சரித்த ஹேரத்திற்கு நியூஸ்பெஸ்ட் அறிவித்தன் .	3sgn	1sg	3	sg	n
அதனைத் தொடர்ந்து இந்த விடயம் தொடர்பாக ஊடகத்துறை அமைச்சின்    செயலாளர் சரித்த ஹேரத்திற்கு நியூஸ்பெஸ்ட் அறிவித்தது.	அதனைத் தொடர்ந்து இந்த விடயம் தொடர்பாக ஊடகத்துறை அமைச்சின் செயலாளர் சரித்த ஹேரத்திற்கு நியூஸ்பெஸ்ட் அறிப்பித்தேன் .	3sgn	1sg	3	sg	n
அதனைத் தொடர்ந்து இந்த விடயம் தொடர்பாக ஊடகத்துறை அமைச்சின்    செயலாளர் சரித்த ஹேரத்திற்கு நியூஸ்பெஸ்ட் அறிவித்தது.	அதனைத் தொடர்ந்து இந்த விடயம் தொடர்பாக ஊடகத்துறை அமைச்சின் செயலாளர் சரித்த ஹேரத்திற்கு நியூஸ்பெஸ்ட் அறிப்பித்தன் .	3sgn	1sg	3	sg	n
அதனைத் தொடர்ந்து இந்த விடயம் தொடர்பாக ஊடகத்துறை அமைச்சின்    செயலாளர் சரித்த ஹேரத்திற்கு நியூஸ்பெஸ்ட் அறிவித்தது.	அதனைத் தொடர்ந்து இந்த விடயம் தொடர்பாக ஊடகத்துறை அமைச்சின் செயலாளர் சரித்த ஹேரத்திற்கு நியூஸ்பெஸ்ட் அறிப்பித்தாய் .	3sgn	2sg	3	sg	n
அதனைத் தொடர்ந்து இந்த விடயம் தொடர்பாக ஊடகத்துறை அமைச்சின்    செயலாளர் சரித்த ஹேரத்திற்கு நியூஸ்பெஸ்ட் அறிவித்தது.	அதனைத் தொடர்ந்து இந்த விடயம் தொடர்பாக ஊடகத்துறை அமைச்சின் செயலாளர் சரித்த ஹேரத்திற்கு நியூஸ்பெஸ்ட் அறிப்பித்தீர் .	3sgn	2sgh	3	sg	n
தொடர்ந்த நியூஸ்பெஸ்ட் செய்திப் பணிப்பாளர் இலங்கை ரூபவாஹினி கூடுத்தாபனத்தின் திலக் மஹகமகேயுடன் தொடர்புகொண்டு தொடர்ந்தும் இலட்சினையற்ற காட்சிகள் கிடைக்காமை தொடர்பாக வினவினார்.	தொடர்ந்த நியூஸ்பெஸ்ட் செய்திப் பணிப்பாளர் இலங்கை ரூபவாஹினி கூடுத்தாபனத்தின் திலக் மஹகமகேயுடன் தொடர்புகொண்டு தொடர்ந்த் உம் இலட்சினையற்ற காட்சிகள் கிடைக்காமை தொடர்பாக வினவினோம் .	3sghe	1pl	3	sg	he
தொடர்ந்த நியூஸ்பெஸ்ட் செய்திப் பணிப்பாளர் இலங்கை ரூபவாஹினி கூடுத்தாபனத்தின் திலக் மஹகமகேயுடன் தொடர்புகொண்டு தொடர்ந்தும் இலட்சினையற்ற காட்சிகள் கிடைக்காமை தொடர்பாக வினவினார்.	தொடர்ந்த நியூஸ்பெஸ்ட் செய்திப் பணிப்பாளர் இலங்கை ரூபவாஹினி கூடுத்தாபனத்தின் திலக் மஹகமகேயுடன் தொடர்புகொண்டு தொடர்ந்த் உம் இலட்சினையற்ற காட்சிகள் கிடைக்காமை தொடர்பாக வினவினீர்கள் .	3sghe	2pl	3	sg	he
தொடர்ந்த நியூஸ்பெஸ்ட் செய்திப் பணிப்பாளர் இலங்கை ரூபவாஹினி கூடுத்தாபனத்தின் திலக் மஹகமகேயுடன் தொடர்புகொண்டு தொடர்ந்தும் இலட்சினையற்ற காட்சிகள் கிடைக்காமை தொடர்பாக வினவினார்.	தொடர்ந்த நியூஸ்பெஸ்ட் செய்திப் பணிப்பாளர் இலங்கை ரூபவாஹினி கூடுத்தாபனத்தின் திலக் மஹகமகேயுடன் தொடர்புகொண்டு தொடர்ந்த் உம் இலட்சினையற்ற காட்சிகள் கிடைக்காமை தொடர்பாக வினவினார்கள் .	3sghe	3ple	3	sg	he
தொடர்ந்த நியூஸ்பெஸ்ட் செய்திப் பணிப்பாளர் இலங்கை ரூபவாஹினி கூடுத்தாபனத்தின் திலக் மஹகமகேயுடன் தொடர்புகொண்டு தொடர்ந்தும் இலட்சினையற்ற காட்சிகள் கிடைக்காமை தொடர்பாக வினவினார்.	தொடர்ந்த நியூஸ்பெஸ்ட் செய்திப் பணிப்பாளர் இலங்கை ரூபவாஹினி கூடுத்தாபனத்தின் திலக் மஹகமகேயுடன் தொடர்புகொண்டு தொடர்ந்த் உம் இலட்சினையற்ற காட்சிகள் கிடைக்காமை தொடர்பாக வினவினன .	3sghe	3pln	3	sg	he
தொடர்ந்த நியூஸ்பெஸ்ட் செய்திப் பணிப்பாளர் இலங்கை ரூபவாஹினி கூடுத்தாபனத்தின் திலக் மஹகமகேயுடன் தொடர்புகொண்டு தொடர்ந்தும் இலட்சினையற்ற காட்சிகள் கிடைக்காமை தொடர்பாக வினவினார்.	தொடர்ந்த நியூஸ்பெஸ்ட் செய்திப் பணிப்பாளர் இலங்கை ரூபவாஹினி கூடுத்தாபனத்தின் திலக் மஹகமகேயுடன் தொடர்புகொண்டு தொடர்ந்த் உம் இலட்சினையற்ற காட்சிகள் கிடைக்காமை தொடர்பாக வினவினன் .	3sghe	1sg	3	sg	he
தொடர்ந்த நியூஸ்பெஸ்ட் செய்திப் பணிப்பாளர் இலங்கை ரூபவாஹினி கூடுத்தாபனத்தின் திலக் மஹகமகேயுடன் தொடர்புகொண்டு தொடர்ந்தும் இலட்சினையற்ற காட்சிகள் கிடைக்காமை தொடர்பாக வினவினார்.	தொடர்ந்த நியூஸ்பெஸ்ட் செய்திப் பணிப்பாளர் இலங்கை ரூபவாஹினி கூடுத்தாபனத்தின் திலக் மஹகமகேயுடன் தொடர்புகொண்டு தொடர்ந்த் உம் இலட்சினையற்ற காட்சிகள் கிடைக்காமை தொடர்பாக வினவின்றேன் .	3sghe	1sg	3	sg	he
தொடர்ந்த நியூஸ்பெஸ்ட் செய்திப் பணிப்பாளர் இலங்கை ரூபவாஹினி கூடுத்தாபனத்தின் திலக் மஹகமகேயுடன் தொடர்புகொண்டு தொடர்ந்தும் இலட்சினையற்ற காட்சிகள் கிடைக்காமை தொடர்பாக வினவினார்.	தொடர்ந்த நியூஸ்பெஸ்ட் செய்திப் பணிப்பாளர் இலங்கை ரூபவாஹினி கூடுத்தாபனத்தின் திலக் மஹகமகேயுடன் தொடர்புகொண்டு தொடர்ந்த் உம் இலட்சினையற்ற காட்சிகள் கிடைக்காமை தொடர்பாக வினவின்றன் .	3sghe	1sg	3	sg	he
தொடர்ந்த நியூஸ்பெஸ்ட் செய்திப் பணிப்பாளர் இலங்கை ரூபவாஹினி கூடுத்தாபனத்தின் திலக் மஹகமகேயுடன் தொடர்புகொண்டு தொடர்ந்தும் இலட்சினையற்ற காட்சிகள் கிடைக்காமை தொடர்பாக வினவினார்.	தொடர்ந்த நியூஸ்பெஸ்ட் செய்திப் பணிப்பாளர் இலங்கை ரூபவாஹினி கூடுத்தாபனத்தின் திலக் மஹகமகேயுடன் தொடர்புகொண்டு தொடர்ந்த் உம் இலட்சினையற்ற காட்சிகள் கிடைக்காமை தொடர்பாக வினவினாய் .	3sghe	2sg	3	sg	he
தொடர்ந்த நியூஸ்பெஸ்ட் செய்திப் பணிப்பாளர் இலங்கை ரூபவாஹினி கூடுத்தாபனத்தின் திலக் மஹகமகேயுடன் தொடர்புகொண்டு தொடர்ந்தும் இலட்சினையற்ற காட்சிகள் கிடைக்காமை தொடர்பாக வினவினார்.	தொடர்ந்த நியூஸ்பெஸ்ட் செய்திப் பணிப்பாளர் இலங்கை ரூபவாஹினி கூடுத்தாபனத்தின் திலக் மஹகமகேயுடன் தொடர்புகொண்டு தொடர்ந்த் உம் இலட்சினையற்ற காட்சிகள் கிடைக்காமை தொடர்பாக வினவினீர் .	3sghe	2sgh	3	sg	he
விளையாட்டின் மேம்பாட்டிற்காக செயற்பட வேண்டிய அதிகாரிகள் மற்றும் நிர்வாகிகள் தங்களின் சொகுசு வாழ்க்கைக்கே முக்கியத்துவம் கொடுக்கிறார்கள் என்பதை அவர்களின் இந்த செயற்பாடுகள் உணர்த்துகின்றன.	விளையாட்டின் மூம்பாட்டிற்க் ஆக செயற்பட வேண்டிய அதிகாரிகள் மற்றும் நிர்வாகிகள் தங்களின் சொகுசு வாழ்க்கைக்கே முக்கியத்துவம் கொடுக்கிறார்கள் என்பதை அவர்களின் இந்த செயற்பாடுகள் உணர்த்துகின்றன் .	3pln	1sg	3	pl	n
விளையாட்டின் மேம்பாட்டிற்காக செயற்பட வேண்டிய அதிகாரிகள் மற்றும் நிர்வாகிகள் தங்களின் சொகுசு வாழ்க்கைக்கே முக்கியத்துவம் கொடுக்கிறார்கள் என்பதை அவர்களின் இந்த செயற்பாடுகள் உணர்த்துகின்றன.	விளையாட்டின் மூம்பாட்டிற்க் ஆக செயற்பட வேண்டிய அதிகாரிகள் மற்றும் நிர்வாகிகள் தங்களின் சொகுசு வாழ்க்கைக்கே முக்கியத்துவம் கொடுக்கிறார்கள் என்பதை அவர்களின் இந்த செயற்பாடுகள் உணர்த்துகின்றேன் .	3pln	1sg	3	pl	n
விளையாட்டின் மேம்பாட்டிற்காக செயற்பட வேண்டிய அதிகாரிகள் மற்றும் நிர்வாகிகள் தங்களின் சொகுசு வாழ்க்கைக்கே முக்கியத்துவம் கொடுக்கிறார்கள் என்பதை அவர்களின் இந்த செயற்பாடுகள் உணர்த்துகின்றன.	விளையாட்டின் மூம்பாட்டிற்க் ஆக செயற்பட வேண்டிய அதிகாரிகள் மற்றும் நிர்வாகிகள் தங்களின் சொகுசு வாழ்க்கைக்கே முக்கியத்துவம் கொடுக்கிறார்கள் என்பதை அவர்களின் இந்த செயற்பாடுகள் உணர்த்துகிறேன் .	3pln	1sg	3	pl	n
விளையாட்டின் மேம்பாட்டிற்காக செயற்பட வேண்டிய அதிகாரிகள் மற்றும் நிர்வாகிகள் தங்களின் சொகுசு வாழ்க்கைக்கே முக்கியத்துவம் கொடுக்கிறார்கள் என்பதை அவர்களின் இந்த செயற்பாடுகள் உணர்த்துகின்றன.	விளையாட்டின் மூம்பாட்டிற்க் ஆக செயற்பட வேண்டிய அதிகாரிகள் மற்றும் நிர்வாகிகள் தங்களின் சொகுசு வாழ்க்கைக்கே முக்கியத்துவம் கொடுக்கிறார்கள் என்பதை அவர்களின் இந்த செயற்பாடுகள் உணர்த்துகின்றாய் .	3pln	2sg	3	pl	n
விளையாட்டின் மேம்பாட்டிற்காக செயற்பட வேண்டிய அதிகாரிகள் மற்றும் நிர்வாகிகள் தங்களின் சொகுசு வாழ்க்கைக்கே முக்கியத்துவம் கொடுக்கிறார்கள் என்பதை அவர்களின் இந்த செயற்பாடுகள் உணர்த்துகின்றன.	விளையாட்டின் மூம்பாட்டிற்க் ஆக செயற்பட வேண்டிய அதிகாரிகள் மற்றும் நிர்வாகிகள் தங்களின் சொகுசு வாழ்க்கைக்கே முக்கியத்துவம் கொடுக்கிறார்கள் என்பதை அவர்களின் இந்த செயற்பாடுகள் உணர்த்துகிறீர் .	3pln	2sgh	3	pl	n
விளையாட்டின் மேம்பாட்டிற்காக செயற்பட வேண்டிய அதிகாரிகள் மற்றும் நிர்வாகிகள் தங்களின் சொகுசு வாழ்க்கைக்கே முக்கியத்துவம் கொடுக்கிறார்கள் என்பதை அவர்களின் இந்த செயற்பாடுகள் உணர்த்துகின்றன.	விளையாட்டின் மூம்பாட்டிற்க் ஆக செயற்பட வேண்டிய அதிகாரிகள் மற்றும் நிர்வாகிகள் தங்களின் சொகுசு வாழ்க்கைக்கே முக்கியத்துவம் கொடுக்கிறார்கள் என்பதை அவர்களின் இந்த செயற்பாடுகள் உணர்த்துகின்றர் .	3pln	3sge	3	pl	n
விளையாட்டின் மேம்பாட்டிற்காக செயற்பட வேண்டிய அதிகாரிகள் மற்றும் நிர்வாகிகள் தங்களின் சொகுசு வாழ்க்கைக்கே முக்கியத்துவம் கொடுக்கிறார்கள் என்பதை அவர்களின் இந்த செயற்பாடுகள் உணர்த்துகின்றன.	விளையாட்டின் மூம்பாட்டிற்க் ஆக செயற்பட வேண்டிய அதிகாரிகள் மற்றும் நிர்வாகிகள் தங்களின் சொகுசு வாழ்க்கைக்கே முக்கியத்துவம் கொடுக்கிறார்கள் என்பதை அவர்களின் இந்த செயற்பாடுகள் உணர்த்துகின்றாள் .	3pln	3sgf	3	pl	n
விளையாட்டின் மேம்பாட்டிற்காக செயற்பட வேண்டிய அதிகாரிகள் மற்றும் நிர்வாகிகள் தங்களின் சொகுசு வாழ்க்கைக்கே முக்கியத்துவம் கொடுக்கிறார்கள் என்பதை அவர்களின் இந்த செயற்பாடுகள் உணர்த்துகின்றன.	விளையாட்டின் மூம்பாட்டிற்க் ஆக செயற்பட வேண்டிய அதிகாரிகள் மற்றும் நிர்வாகிகள் தங்களின் சொகுசு வாழ்க்கைக்கே முக்கியத்துவம் கொடுக்கிறார்கள் என்பதை அவர்களின் இந்த செயற்பாடுகள் உணர்த்துகிறார்கள் .	3pln	3sghe	3	pl	n
விளையாட்டின் மேம்பாட்டிற்காக செயற்பட வேண்டிய அதிகாரிகள் மற்றும் நிர்வாகிகள் தங்களின் சொகுசு வாழ்க்கைக்கே முக்கியத்துவம் கொடுக்கிறார்கள் என்பதை அவர்களின் இந்த செயற்பாடுகள் உணர்த்துகின்றன.	விளையாட்டின் மூம்பாட்டிற்க் ஆக செயற்பட வேண்டிய அதிகாரிகள் மற்றும் நிர்வாகிகள் தங்களின் சொகுசு வாழ்க்கைக்கே முக்கியத்துவம் கொடுக்கிறார்கள் என்பதை அவர்களின் இந்த செயற்பாடுகள் உணர்த்துகின்றான் .	3pln	3sgm	3	pl	n
விளையாட்டின் மேம்பாட்டிற்காக செயற்பட வேண்டிய அதிகாரிகள் மற்றும் நிர்வாகிகள் தங்களின் சொகுசு வாழ்க்கைக்கே முக்கியத்துவம் கொடுக்கிறார்கள் என்பதை அவர்களின் இந்த செயற்பாடுகள் உணர்த்துகின்றன.	விளையாட்டின் மூம்பாட்டிற்க் ஆக செயற்பட வேண்டிய அதிகாரிகள் மற்றும் நிர்வாகிகள் தங்களின் சொகுசு வாழ்க்கைக்கே முக்கியத்துவம் கொடுக்கிறார்கள் என்பதை அவர்களின் இந்த செயற்பாடுகள் உணர்த்துகிறது .	3pln	3sgn	3	pl	n
விளையாட்டின் மேம்பாட்டிற்காக செயற்பட வேண்டிய அதிகாரிகள் மற்றும் நிர்வாகிகள் தங்களின் சொகுசு வாழ்க்கைக்கே முக்கியத்துவம் கொடுக்கிறார்கள் என்பதை அவர்களின் இந்த செயற்பாடுகள் உணர்த்துகின்றன.	விளையாட்டின் மூம்பாட்டிற்க் ஆக செயற்பட வேண்டிய அதிகாரிகள் மற்றும் நிர்வாகிகள் தங்களின் சொகுசு வாழ்க்கைக்கே முக்கியத்துவம் கொடுக்கிறார்கள் என்பதை அவர்களின் இந்த செயற்பாடுகள் உணர்த்துகிறோம் .	3pln	1pl	3	pl	n
விளையாட்டின் மேம்பாட்டிற்காக செயற்பட வேண்டிய அதிகாரிகள் மற்றும் நிர்வாகிகள் தங்களின் சொகுசு வாழ்க்கைக்கே முக்கியத்துவம் கொடுக்கிறார்கள் என்பதை அவர்களின் இந்த செயற்பாடுகள் உணர்த்துகின்றன.	விளையாட்டின் மூம்பாட்டிற்க் ஆக செயற்பட வேண்டிய அதிகாரிகள் மற்றும் நிர்வாகிகள் தங்களின் சொகுசு வாழ்க்கைக்கே முக்கியத்துவம் கொடுக்கிறார்கள் என்பதை அவர்களின் இந்த செயற்பாடுகள் உணர்த்துகிறீர்கள் .	3pln	2pl	3	pl	n
வெற்றி பெற்ற வீர வீராங்கனைகளுக்கு இதன்போது செங்கமல வரவேற்பு அளிக்கப்பட்டதுடன், முன்னாள் டெஸ்ட் கிரிக்கெட் தலைவர் அர்ஜூண ரணதுங்க, ஒலிம்பிக் வெற்றி வீராங்கனையான சுசந்திகா ஜயசிங்க, தமயந்த தர்ஷா மற்றும் பிரபல கலைஞர்களும் இதில் கலந்துகொண்டிருந்தனர்.	வெற்றி பெற்ற வீர வீராங்கனைகளுக்கு இதன்போது செங்கமல வரவேற்பு அளிக்கப் பட்ட் உடன் , முன்னாள் டெஸ்ட் கிரிக்கெட் தலைவர் அர்ஜூண ரணதுங்க , ஒலிம்பிக் வெற்றி வெராண்களைய் ஆன சுசந்திகா ஜயசிங்க , தமயந்த தர்ஷா மற்றும் பிரபல கைலைர்கள் உம் இதில் கலைந்துக்க் இருந்தோம் .	3sghe	1pl	3	sg	he
வெற்றி பெற்ற வீர வீராங்கனைகளுக்கு இதன்போது செங்கமல வரவேற்பு அளிக்கப்பட்டதுடன், முன்னாள் டெஸ்ட் கிரிக்கெட் தலைவர் அர்ஜூண ரணதுங்க, ஒலிம்பிக் வெற்றி வீராங்கனையான சுசந்திகா ஜயசிங்க, தமயந்த தர்ஷா மற்றும் பிரபல கலைஞர்களும் இதில் கலந்துகொண்டிருந்தனர்.	வெற்றி பெற்ற வீர வீராங்கனைகளுக்கு இதன்போது செங்கமல வரவேற்பு அளிக்கப் பட்ட் உடன் , முன்னாள் டெஸ்ட் கிரிக்கெட் தலைவர் அர்ஜூண ரணதுங்க , ஒலிம்பிக் வெற்றி வெராண்களைய் ஆன சுசந்திகா ஜயசிங்க , தமயந்த தர்ஷா மற்றும் பிரபல கைலைர்கள் உம் இதில் கலைந்துக்க் இருந்தீர்கள் .	3sghe	2pl	3	sg	he
வெற்றி பெற்ற வீர வீராங்கனைகளுக்கு இதன்போது செங்கமல வரவேற்பு அளிக்கப்பட்டதுடன், முன்னாள் டெஸ்ட் கிரிக்கெட் தலைவர் அர்ஜூண ரணதுங்க, ஒலிம்பிக் வெற்றி வீராங்கனையான சுசந்திகா ஜயசிங்க, தமயந்த தர்ஷா மற்றும் பிரபல கலைஞர்களும் இதில் கலந்துகொண்டிருந்தனர்.	வெற்றி பெற்ற வீர வீராங்கனைகளுக்கு இதன்போது செங்கமல வரவேற்பு அளிக்கப் பட்ட் உடன் , முன்னாள் டெஸ்ட் கிரிக்கெட் தலைவர் அர்ஜூண ரணதுங்க , ஒலிம்பிக் வெற்றி வெராண்களைய் ஆன சுசந்திகா ஜயசிங்க , தமயந்த தர்ஷா மற்றும் பிரபல கைலைர்கள் உம் இதில் கலைந்துக்க் இருந்தார்கள் .	3sghe	3ple	3	sg	he
வெற்றி பெற்ற வீர வீராங்கனைகளுக்கு இதன்போது செங்கமல வரவேற்பு அளிக்கப்பட்டதுடன், முன்னாள் டெஸ்ட் கிரிக்கெட் தலைவர் அர்ஜூண ரணதுங்க, ஒலிம்பிக் வெற்றி வீராங்கனையான சுசந்திகா ஜயசிங்க, தமயந்த தர்ஷா மற்றும் பிரபல கலைஞர்களும் இதில் கலந்துகொண்டிருந்தனர்.	வெற்றி பெற்ற வீர வீராங்கனைகளுக்கு இதன்போது செங்கமல வரவேற்பு அளிக்கப் பட்ட் உடன் , முன்னாள் டெஸ்ட் கிரிக்கெட் தலைவர் அர்ஜூண ரணதுங்க , ஒலிம்பிக் வெற்றி வெராண்களைய் ஆன சுசந்திகா ஜயசிங்க , தமயந்த தர்ஷா மற்றும் பிரபல கைலைர்கள் உம் இதில் கலைந்துக்க் இருந்தன .	3sghe	3pln	3	sg	he
வெற்றி பெற்ற வீர வீராங்கனைகளுக்கு இதன்போது செங்கமல வரவேற்பு அளிக்கப்பட்டதுடன், முன்னாள் டெஸ்ட் கிரிக்கெட் தலைவர் அர்ஜூண ரணதுங்க, ஒலிம்பிக் வெற்றி வீராங்கனையான சுசந்திகா ஜயசிங்க, தமயந்த தர்ஷா மற்றும் பிரபல கலைஞர்களும் இதில் கலந்துகொண்டிருந்தனர்.	வெற்றி பெற்ற வீர வீராங்கனைகளுக்கு இதன்போது செங்கமல வரவேற்பு அளிக்கப் பட்ட் உடன் , முன்னாள் டெஸ்ட் கிரிக்கெட் தலைவர் அர்ஜூண ரணதுங்க , ஒலிம்பிக் வெற்றி வெராண்களைய் ஆன சுசந்திகா ஜயசிங்க , தமயந்த தர்ஷா மற்றும் பிரபல கைலைர்கள் உம் இதில் கலைந்துக்க் இருத்தன் .	3sghe	1sg	3	sg	he
வெற்றி பெற்ற வீர வீராங்கனைகளுக்கு இதன்போது செங்கமல வரவேற்பு அளிக்கப்பட்டதுடன், முன்னாள் டெஸ்ட் கிரிக்கெட் தலைவர் அர்ஜூண ரணதுங்க, ஒலிம்பிக் வெற்றி வீராங்கனையான சுசந்திகா ஜயசிங்க, தமயந்த தர்ஷா மற்றும் பிரபல கலைஞர்களும் இதில் கலந்துகொண்டிருந்தனர்.	வெற்றி பெற்ற வீர வீராங்கனைகளுக்கு இதன்போது செங்கமல வரவேற்பு அளிக்கப் பட்ட் உடன் , முன்னாள் டெஸ்ட் கிரிக்கெட் தலைவர் அர்ஜூண ரணதுங்க , ஒலிம்பிக் வெற்றி வெராண்களைய் ஆன சுசந்திகா ஜயசிங்க , தமயந்த தர்ஷா மற்றும் பிரபல கைலைர்கள் உம் இதில் கலைந்துக்க் இருந்தேன் .	3sghe	1sg	3	sg	he
வெற்றி பெற்ற வீர வீராங்கனைகளுக்கு இதன்போது செங்கமல வரவேற்பு அளிக்கப்பட்டதுடன், முன்னாள் டெஸ்ட் கிரிக்கெட் தலைவர் அர்ஜூண ரணதுங்க, ஒலிம்பிக் வெற்றி வீராங்கனையான சுசந்திகா ஜயசிங்க, தமயந்த தர்ஷா மற்றும் பிரபல கலைஞர்களும் இதில் கலந்துகொண்டிருந்தனர்.	வெற்றி பெற்ற வீர வீராங்கனைகளுக்கு இதன்போது செங்கமல வரவேற்பு அளிக்கப் பட்ட் உடன் , முன்னாள் டெஸ்ட் கிரிக்கெட் தலைவர் அர்ஜூண ரணதுங்க , ஒலிம்பிக் வெற்றி வெராண்களைய் ஆன சுசந்திகா ஜயசிங்க , தமயந்த தர்ஷா மற்றும் பிரபல கைலைர்கள் உம் இதில் கலைந்துக்க் இருந்தன் .	3sghe	1sg	3	sg	he
வெற்றி பெற்ற வீர வீராங்கனைகளுக்கு இதன்போது செங்கமல வரவேற்பு அளிக்கப்பட்டதுடன், முன்னாள் டெஸ்ட் கிரிக்கெட் தலைவர் அர்ஜூண ரணதுங்க, ஒலிம்பிக் வெற்றி வீராங்கனையான சுசந்திகா ஜயசிங்க, தமயந்த தர்ஷா மற்றும் பிரபல கலைஞர்களும் இதில் கலந்துகொண்டிருந்தனர்.	வெற்றி பெற்ற வீர வீராங்கனைகளுக்கு இதன்போது செங்கமல வரவேற்பு அளிக்கப் பட்ட் உடன் , முன்னாள் டெஸ்ட் கிரிக்கெட் தலைவர் அர்ஜூண ரணதுங்க , ஒலிம்பிக் வெற்றி வெராண்களைய் ஆன சுசந்திகா ஜயசிங்க , தமயந்த தர்ஷா மற்றும் பிரபல கைலைர்கள் உம் இதில் கலைந்துக்க் இருந்தாய் .	3sghe	2sg	3	sg	he
வெற்றி பெற்ற வீர வீராங்கனைகளுக்கு இதன்போது செங்கமல வரவேற்பு அளிக்கப்பட்டதுடன், முன்னாள் டெஸ்ட் கிரிக்கெட் தலைவர் அர்ஜூண ரணதுங்க, ஒலிம்பிக் வெற்றி வீராங்கனையான சுசந்திகா ஜயசிங்க, தமயந்த தர்ஷா மற்றும் பிரபல கலைஞர்களும் இதில் கலந்துகொண்டிருந்தனர்.	வெற்றி பெற்ற வீர வீராங்கனைகளுக்கு இதன்போது செங்கமல வரவேற்பு அளிக்கப் பட்ட் உடன் , முன்னாள் டெஸ்ட் கிரிக்கெட் தலைவர் அர்ஜூண ரணதுங்க , ஒலிம்பிக் வெற்றி வெராண்களைய் ஆன சுசந்திகா ஜயசிங்க , தமயந்த தர்ஷா மற்றும் பிரபல கைலைர்கள் உம் இதில் கலைந்துக்க் இருந்தீர் .	3sghe	2sgh	3	sg	he
இந்த தொலைக்காட்சி விவாதத்தை 10 கோடி பேருக்கும் மேற்பட்டவர்கள் பார்த்திருக்கக்கூடும் என்று கணிப்புகள் கூறுகின்றன.	இந்த தொலைக்காட்சி விவாதத்தை 10 கோடி பூருக்க் உம் மேற்பட்டவர்கள் பார்த்த் இருக்க் உம் என்று கணிப்புகள் கூறுகின்றன் .	3pln	1sg	3	pl	n
இந்த தொலைக்காட்சி விவாதத்தை 10 கோடி பேருக்கும் மேற்பட்டவர்கள் பார்த்திருக்கக்கூடும் என்று கணிப்புகள் கூறுகின்றன.	இந்த தொலைக்காட்சி விவாதத்தை 10 கோடி பூருக்க் உம் மேற்பட்டவர்கள் பார்த்த் இருக்க் உம் என்று கணிப்புகள் கூறுகிறேன் .	3pln	1sg	3	pl	n
இந்த தொலைக்காட்சி விவாதத்தை 10 கோடி பேருக்கும் மேற்பட்டவர்கள் பார்த்திருக்கக்கூடும் என்று கணிப்புகள் கூறுகின்றன.	இந்த தொலைக்காட்சி விவாதத்தை 10 கோடி பூருக்க் உம் மேற்பட்டவர்கள் பார்த்த் இருக்க் உம் என்று கணிப்புகள் கூறுகிறன் .	3pln	1sg	3	pl	n
இந்த தொலைக்காட்சி விவாதத்தை 10 கோடி பேருக்கும் மேற்பட்டவர்கள் பார்த்திருக்கக்கூடும் என்று கணிப்புகள் கூறுகின்றன.	இந்த தொலைக்காட்சி விவாதத்தை 10 கோடி பூருக்க் உம் மேற்பட்டவர்கள் பார்த்த் இருக்க் உம் என்று கணிப்புகள் கூறுகிறாய் .	3pln	2sg	3	pl	n
இந்த தொலைக்காட்சி விவாதத்தை 10 கோடி பேருக்கும் மேற்பட்டவர்கள் பார்த்திருக்கக்கூடும் என்று கணிப்புகள் கூறுகின்றன.	இந்த தொலைக்காட்சி விவாதத்தை 10 கோடி பூருக்க் உம் மேற்பட்டவர்கள் பார்த்த் இருக்க் உம் என்று கணிப்புகள் கூறுகிறீர் .	3pln	2sgh	3	pl	n
இந்த தொலைக்காட்சி விவாதத்தை 10 கோடி பேருக்கும் மேற்பட்டவர்கள் பார்த்திருக்கக்கூடும் என்று கணிப்புகள் கூறுகின்றன.	இந்த தொலைக்காட்சி விவாதத்தை 10 கோடி பூருக்க் உம் மேற்பட்டவர்கள் பார்த்த் இருக்க் உம் என்று கணிப்புகள் கூறுகிறர் .	3pln	3sge	3	pl	n
இந்த தொலைக்காட்சி விவாதத்தை 10 கோடி பேருக்கும் மேற்பட்டவர்கள் பார்த்திருக்கக்கூடும் என்று கணிப்புகள் கூறுகின்றன.	இந்த தொலைக்காட்சி விவாதத்தை 10 கோடி பூருக்க் உம் மேற்பட்டவர்கள் பார்த்த் இருக்க் உம் என்று கணிப்புகள் கூறுகிறாள் .	3pln	3sgf	3	pl	n
இந்த தொலைக்காட்சி விவாதத்தை 10 கோடி பேருக்கும் மேற்பட்டவர்கள் பார்த்திருக்கக்கூடும் என்று கணிப்புகள் கூறுகின்றன.	இந்த தொலைக்காட்சி விவாதத்தை 10 கோடி பூருக்க் உம் மேற்பட்டவர்கள் பார்த்த் இருக்க் உம் என்று கணிப்புகள் கூறுகின்றார்கள் .	3pln	3sghe	3	pl	n
இந்த தொலைக்காட்சி விவாதத்தை 10 கோடி பேருக்கும் மேற்பட்டவர்கள் பார்த்திருக்கக்கூடும் என்று கணிப்புகள் கூறுகின்றன.	இந்த தொலைக்காட்சி விவாதத்தை 10 கோடி பூருக்க் உம் மேற்பட்டவர்கள் பார்த்த் இருக்க் உம் என்று கணிப்புகள் கூறுகிறார் .	3pln	3sghe	3	pl	n
இந்த தொலைக்காட்சி விவாதத்தை 10 கோடி பேருக்கும் மேற்பட்டவர்கள் பார்த்திருக்கக்கூடும் என்று கணிப்புகள் கூறுகின்றன.	இந்த தொலைக்காட்சி விவாதத்தை 10 கோடி பூருக்க் உம் மேற்பட்டவர்கள் பார்த்த் இருக்க் உம் என்று கணிப்புகள் கூறுகிறார்கள் .	3pln	3sghe	3	pl	n
இந்த தொலைக்காட்சி விவாதத்தை 10 கோடி பேருக்கும் மேற்பட்டவர்கள் பார்த்திருக்கக்கூடும் என்று கணிப்புகள் கூறுகின்றன.	இந்த தொலைக்காட்சி விவாதத்தை 10 கோடி பூருக்க் உம் மேற்பட்டவர்கள் பார்த்த் இருக்க் உம் என்று கணிப்புகள் கூறுகிறான் .	3pln	3sgm	3	pl	n
இந்த தொலைக்காட்சி விவாதத்தை 10 கோடி பேருக்கும் மேற்பட்டவர்கள் பார்த்திருக்கக்கூடும் என்று கணிப்புகள் கூறுகின்றன.	இந்த தொலைக்காட்சி விவாதத்தை 10 கோடி பூருக்க் உம் மேற்பட்டவர்கள் பார்த்த் இருக்க் உம் என்று கணிப்புகள் கூறுகிறது .	3pln	3sgn	3	pl	n
இந்த தொலைக்காட்சி விவாதத்தை 10 கோடி பேருக்கும் மேற்பட்டவர்கள் பார்த்திருக்கக்கூடும் என்று கணிப்புகள் கூறுகின்றன.	இந்த தொலைக்காட்சி விவாதத்தை 10 கோடி பூருக்க் உம் மேற்பட்டவர்கள் பார்த்த் இருக்க் உம் என்று கணிப்புகள் கூறுகிறோம் .	3pln	1pl	3	pl	n
இந்த தொலைக்காட்சி விவாதத்தை 10 கோடி பேருக்கும் மேற்பட்டவர்கள் பார்த்திருக்கக்கூடும் என்று கணிப்புகள் கூறுகின்றன.	இந்த தொலைக்காட்சி விவாதத்தை 10 கோடி பூருக்க் உம் மேற்பட்டவர்கள் பார்த்த் இருக்க் உம் என்று கணிப்புகள் கூறுகிறீர்கள் .	3pln	2pl	3	pl	n
எவ்வாறாயினும் பல ஆடுகள் நீரில் மூழ்கியுள்ளதாக சர்வதேச செய்திகள் தெரிவிக்கின்றன.	எவ்வாறாயினும் பல ஆடுகள் நீரில் மூழ்கிய் உள்ளத் ஆக சர்வதேச செய்திகள் தெரிவிக்கின்றன் .	3pln	1sg	3	pl	n
எவ்வாறாயினும் பல ஆடுகள் நீரில் மூழ்கியுள்ளதாக சர்வதேச செய்திகள் தெரிவிக்கின்றன.	எவ்வாறாயினும் பல ஆடுகள் நீரில் மூழ்கிய் உள்ளத் ஆக சர்வதேச செய்திகள் தெரிவிக்கிறேன் .	3pln	1sg	3	pl	n
எவ்வாறாயினும் பல ஆடுகள் நீரில் மூழ்கியுள்ளதாக சர்வதேச செய்திகள் தெரிவிக்கின்றன.	எவ்வாறாயினும் பல ஆடுகள் நீரில் மூழ்கிய் உள்ளத் ஆக சர்வதேச செய்திகள் தெரிவிக்கிறன் .	3pln	1sg	3	pl	n
எவ்வாறாயினும் பல ஆடுகள் நீரில் மூழ்கியுள்ளதாக சர்வதேச செய்திகள் தெரிவிக்கின்றன.	எவ்வாறாயினும் பல ஆடுகள் நீரில் மூழ்கிய் உள்ளத் ஆக சர்வதேச செய்திகள் தெரிவிக்கிறாய் .	3pln	2sg	3	pl	n
எவ்வாறாயினும் பல ஆடுகள் நீரில் மூழ்கியுள்ளதாக சர்வதேச செய்திகள் தெரிவிக்கின்றன.	எவ்வாறாயினும் பல ஆடுகள் நீரில் மூழ்கிய் உள்ளத் ஆக சர்வதேச செய்திகள் தெரிவிக்கிறீர் .	3pln	2sgh	3	pl	n
எவ்வாறாயினும் பல ஆடுகள் நீரில் மூழ்கியுள்ளதாக சர்வதேச செய்திகள் தெரிவிக்கின்றன.	எவ்வாறாயினும் பல ஆடுகள் நீரில் மூழ்கிய் உள்ளத் ஆக சர்வதேச செய்திகள் தெரிவிக்கிறர் .	3pln	3sge	3	pl	n
எவ்வாறாயினும் பல ஆடுகள் நீரில் மூழ்கியுள்ளதாக சர்வதேச செய்திகள் தெரிவிக்கின்றன.	எவ்வாறாயினும் பல ஆடுகள் நீரில் மூழ்கிய் உள்ளத் ஆக சர்வதேச செய்திகள் தெரிவிக்கிறாள் .	3pln	3sgf	3	pl	n
எவ்வாறாயினும் பல ஆடுகள் நீரில் மூழ்கியுள்ளதாக சர்வதேச செய்திகள் தெரிவிக்கின்றன.	எவ்வாறாயினும் பல ஆடுகள் நீரில் மூழ்கிய் உள்ளத் ஆக சர்வதேச செய்திகள் தெரிவிக்கின்றார்கள் .	3pln	3sghe	3	pl	n
எவ்வாறாயினும் பல ஆடுகள் நீரில் மூழ்கியுள்ளதாக சர்வதேச செய்திகள் தெரிவிக்கின்றன.	எவ்வாறாயினும் பல ஆடுகள் நீரில் மூழ்கிய் உள்ளத் ஆக சர்வதேச செய்திகள் தெரிவிக்கிறார் .	3pln	3sghe	3	pl	n
எவ்வாறாயினும் பல ஆடுகள் நீரில் மூழ்கியுள்ளதாக சர்வதேச செய்திகள் தெரிவிக்கின்றன.	எவ்வாறாயினும் பல ஆடுகள் நீரில் மூழ்கிய் உள்ளத் ஆக சர்வதேச செய்திகள் தெரிவிக்கிறார்கள் .	3pln	3sghe	3	pl	n
எவ்வாறாயினும் பல ஆடுகள் நீரில் மூழ்கியுள்ளதாக சர்வதேச செய்திகள் தெரிவிக்கின்றன.	எவ்வாறாயினும் பல ஆடுகள் நீரில் மூழ்கிய் உள்ளத் ஆக சர்வதேச செய்திகள் தெரிவிக்கிறான் .	3pln	3sgm	3	pl	n
எவ்வாறாயினும் பல ஆடுகள் நீரில் மூழ்கியுள்ளதாக சர்வதேச செய்திகள் தெரிவிக்கின்றன.	எவ்வாறாயினும் பல ஆடுகள் நீரில் மூழ்கிய் உள்ளத் ஆக சர்வதேச செய்திகள் தெரிவிக்கிறது .	3pln	3sgn	3	pl	n
எவ்வாறாயினும் பல ஆடுகள் நீரில் மூழ்கியுள்ளதாக சர்வதேச செய்திகள் தெரிவிக்கின்றன.	எவ்வாறாயினும் பல ஆடுகள் நீரில் மூழ்கிய் உள்ளத் ஆக சர்வதேச செய்திகள் தெரிவிக்கிறோம் .	3pln	1pl	3	pl	n
எவ்வாறாயினும் பல ஆடுகள் நீரில் மூழ்கியுள்ளதாக சர்வதேச செய்திகள் தெரிவிக்கின்றன.	எவ்வாறாயினும் பல ஆடுகள் நீரில் மூழ்கிய் உள்ளத் ஆக சர்வதேச செய்திகள் தெரிவிக்கிறீர்கள் .	3pln	2pl	3	pl	n
இன்று காலை கல்வி அமைச்சின் பிரதான வாயிலை மூடி ஊழியர்களை உள்நுழைய விடாமல் போராட்டக்காரர்கள் மறியல் போராட்டம் நடத்தினர்.	இன்று காலை கல்வி அமைச்சின் பிரதான வாயிலை மூடி ஊழியர்களை உள்நுழைய விடாமல் போராட்டக்காரர்கள் மறியல் போராட்டம் நடத்தினோம் .	3sge	1pl	3	sg	e
இன்று காலை கல்வி அமைச்சின் பிரதான வாயிலை மூடி ஊழியர்களை உள்நுழைய விடாமல் போராட்டக்காரர்கள் மறியல் போராட்டம் நடத்தினர்.	இன்று காலை கல்வி அமைச்சின் பிரதான வாயிலை மூடி ஊழியர்களை உள்நுழைய விடாமல் போராட்டக்காரர்கள் மறியல் போராட்டம் நடத்தினீர்கள் .	3sge	2pl	3	sg	e
இன்று காலை கல்வி அமைச்சின் பிரதான வாயிலை மூடி ஊழியர்களை உள்நுழைய விடாமல் போராட்டக்காரர்கள் மறியல் போராட்டம் நடத்தினர்.	இன்று காலை கல்வி அமைச்சின் பிரதான வாயிலை மூடி ஊழியர்களை உள்நுழைய விடாமல் போராட்டக்காரர்கள் மறியல் போராட்டம் நடத்தினார்கள் .	3sge	3ple	3	sg	e
இன்று காலை கல்வி அமைச்சின் பிரதான வாயிலை மூடி ஊழியர்களை உள்நுழைய விடாமல் போராட்டக்காரர்கள் மறியல் போராட்டம் நடத்தினர்.	இன்று காலை கல்வி அமைச்சின் பிரதான வாயிலை மூடி ஊழியர்களை உள்நுழைய விடாமல் போராட்டக்காரர்கள் மறியல் போராட்டம் நடத்தினன .	3sge	3pln	3	sg	e
இன்று காலை கல்வி அமைச்சின் பிரதான வாயிலை மூடி ஊழியர்களை உள்நுழைய விடாமல் போராட்டக்காரர்கள் மறியல் போராட்டம் நடத்தினர்.	இன்று காலை கல்வி அமைச்சின் பிரதான வாயிலை மூடி ஊழியர்களை உள்நுழைய விடாமல் போராட்டக்காரர்கள் மறியல் போராட்டம் நடத்தினன் .	3sge	1sg	3	sg	e
இன்று காலை கல்வி அமைச்சின் பிரதான வாயிலை மூடி ஊழியர்களை உள்நுழைய விடாமல் போராட்டக்காரர்கள் மறியல் போராட்டம் நடத்தினர்.	இன்று காலை கல்வி அமைச்சின் பிரதான வாயிலை மூடி ஊழியர்களை உள்நுழைய விடாமல் போராட்டக்காரர்கள் மறியல் போராட்டம் நடத்தின்றேன் .	3sge	1sg	3	sg	e
இன்று காலை கல்வி அமைச்சின் பிரதான வாயிலை மூடி ஊழியர்களை உள்நுழைய விடாமல் போராட்டக்காரர்கள் மறியல் போராட்டம் நடத்தினர்.	இன்று காலை கல்வி அமைச்சின் பிரதான வாயிலை மூடி ஊழியர்களை உள்நுழைய விடாமல் போராட்டக்காரர்கள் மறியல் போராட்டம் நடத்தின்றன் .	3sge	1sg	3	sg	e
இன்று காலை கல்வி அமைச்சின் பிரதான வாயிலை மூடி ஊழியர்களை உள்நுழைய விடாமல் போராட்டக்காரர்கள் மறியல் போராட்டம் நடத்தினர்.	இன்று காலை கல்வி அமைச்சின் பிரதான வாயிலை மூடி ஊழியர்களை உள்நுழைய விடாமல் போராட்டக்காரர்கள் மறியல் போராட்டம் நடத்தினாய் .	3sge	2sg	3	sg	e
இன்று காலை கல்வி அமைச்சின் பிரதான வாயிலை மூடி ஊழியர்களை உள்நுழைய விடாமல் போராட்டக்காரர்கள் மறியல் போராட்டம் நடத்தினர்.	இன்று காலை கல்வி அமைச்சின் பிரதான வாயிலை மூடி ஊழியர்களை உள்நுழைய விடாமல் போராட்டக்காரர்கள் மறியல் போராட்டம் நடத்தினீர் .	3sge	2sgh	3	sg	e
நிரந்தர வேலைகள் வழங்கப்பட வேண்டிய பல தற்காலிக தொழிலாளிகள் இங்கு இருக்கிறார்கள்.	நிரந்தர வேலைகள் வழங்கப்பட வேண்டிய பல தற்காலிக தொழிலாளிகள் இங்கு இருக்கிறோம் .	3sghe	1pl	3	sg	he
நிரந்தர வேலைகள் வழங்கப்பட வேண்டிய பல தற்காலிக தொழிலாளிகள் இங்கு இருக்கிறார்கள்.	நிரந்தர வேலைகள் வழங்கப்பட வேண்டிய பல தற்காலிக தொழிலாளிகள் இங்கு இரக்கக்கின்றோம் .	3sghe	1pl	3	sg	he
நிரந்தர வேலைகள் வழங்கப்பட வேண்டிய பல தற்காலிக தொழிலாளிகள் இங்கு இருக்கிறார்கள்.	நிரந்தர வேலைகள் வழங்கப்பட வேண்டிய பல தற்காலிக தொழிலாளிகள் இங்கு இரக்கக்கிறோம் .	3sghe	1pl	3	sg	he
நிரந்தர வேலைகள் வழங்கப்பட வேண்டிய பல தற்காலிக தொழிலாளிகள் இங்கு இருக்கிறார்கள்.	நிரந்தர வேலைகள் வழங்கப்பட வேண்டிய பல தற்காலிக தொழிலாளிகள் இங்கு இருக்கிறீர்கள் .	3sghe	2pl	3	sg	he
நிரந்தர வேலைகள் வழங்கப்பட வேண்டிய பல தற்காலிக தொழிலாளிகள் இங்கு இருக்கிறார்கள்.	நிரந்தர வேலைகள் வழங்கப்பட வேண்டிய பல தற்காலிக தொழிலாளிகள் இங்கு இரக்கக்கின்றீர்கள் .	3sghe	2pl	3	sg	he
நிரந்தர வேலைகள் வழங்கப்பட வேண்டிய பல தற்காலிக தொழிலாளிகள் இங்கு இருக்கிறார்கள்.	நிரந்தர வேலைகள் வழங்கப்பட வேண்டிய பல தற்காலிக தொழிலாளிகள் இங்கு இரக்கக்கிறீர்கள் .	3sghe	2pl	3	sg	he
நிரந்தர வேலைகள் வழங்கப்பட வேண்டிய பல தற்காலிக தொழிலாளிகள் இங்கு இருக்கிறார்கள்.	நிரந்தர வேலைகள் வழங்கப்பட வேண்டிய பல தற்காலிக தொழிலாளிகள் இங்கு இருக்கிறார்கள் .	3sghe	3ple	3	sg	he
நிரந்தர வேலைகள் வழங்கப்பட வேண்டிய பல தற்காலிக தொழிலாளிகள் இங்கு இருக்கிறார்கள்.	நிரந்தர வேலைகள் வழங்கப்பட வேண்டிய பல தற்காலிக தொழிலாளிகள் இங்கு இரக்கக்கின்றார்கள் .	3sghe	3ple	3	sg	he
நிரந்தர வேலைகள் வழங்கப்பட வேண்டிய பல தற்காலிக தொழிலாளிகள் இங்கு இருக்கிறார்கள்.	நிரந்தர வேலைகள் வழங்கப்பட வேண்டிய பல தற்காலிக தொழிலாளிகள் இங்கு இரக்கக்கிறார்கள் .	3sghe	3ple	3	sg	he
நிரந்தர வேலைகள் வழங்கப்பட வேண்டிய பல தற்காலிக தொழிலாளிகள் இங்கு இருக்கிறார்கள்.	நிரந்தர வேலைகள் வழங்கப்பட வேண்டிய பல தற்காலிக தொழிலாளிகள் இங்கு இருக்கிறன .	3sghe	3pln	3	sg	he
நிரந்தர வேலைகள் வழங்கப்பட வேண்டிய பல தற்காலிக தொழிலாளிகள் இங்கு இருக்கிறார்கள்.	நிரந்தர வேலைகள் வழங்கப்பட வேண்டிய பல தற்காலிக தொழிலாளிகள் இங்கு இரக்கக்கின்றன .	3sghe	3pln	3	sg	he
நிரந்தர வேலைகள் வழங்கப்பட வேண்டிய பல தற்காலிக தொழிலாளிகள் இங்கு இருக்கிறார்கள்.	நிரந்தர வேலைகள் வழங்கப்பட வேண்டிய பல தற்காலிக தொழிலாளிகள் இங்கு இரக்கக்கிறன .	3sghe	3pln	3	sg	he
நிரந்தர வேலைகள் வழங்கப்பட வேண்டிய பல தற்காலிக தொழிலாளிகள் இங்கு இருக்கிறார்கள்.	நிரந்தர வேலைகள் வழங்கப்பட வேண்டிய பல தற்காலிக தொழிலாளிகள் இங்கு இருக்கின்றன் .	3sghe	1sg	3	sg	he
நிரந்தர வேலைகள் வழங்கப்பட வேண்டிய பல தற்காலிக தொழிலாளிகள் இங்கு இருக்கிறார்கள்.	நிரந்தர வேலைகள் வழங்கப்பட வேண்டிய பல தற்காலிக தொழிலாளிகள் இங்கு இருக்கிறேன் .	3sghe	1sg	3	sg	he
நிரந்தர வேலைகள் வழங்கப்பட வேண்டிய பல தற்காலிக தொழிலாளிகள் இங்கு இருக்கிறார்கள்.	நிரந்தர வேலைகள் வழங்கப்பட வேண்டிய பல தற்காலிக தொழிலாளிகள் இங்கு இருக்கிறன் .	3sghe	1sg	3	sg	he
நிரந்தர வேலைகள் வழங்கப்பட வேண்டிய பல தற்காலிக தொழிலாளிகள் இங்கு இருக்கிறார்கள்.	நிரந்தர வேலைகள் வழங்கப்பட வேண்டிய பல தற்காலிக தொழிலாளிகள் இங்கு இரக்கக்கின்றேன் .	3sghe	1sg	3	sg	he
நிரந்தர வேலைகள் வழங்கப்பட வேண்டிய பல தற்காலிக தொழிலாளிகள் இங்கு இருக்கிறார்கள்.	நிரந்தர வேலைகள் வழங்கப்பட வேண்டிய பல தற்காலிக தொழிலாளிகள் இங்கு இரக்கக்கின்றன் .	3sghe	1sg	3	sg	he
நிரந்தர வேலைகள் வழங்கப்பட வேண்டிய பல தற்காலிக தொழிலாளிகள் இங்கு இருக்கிறார்கள்.	நிரந்தர வேலைகள் வழங்கப்பட வேண்டிய பல தற்காலிக தொழிலாளிகள் இங்கு இரக்கக்கிறேன் .	3sghe	1sg	3	sg	he
நிரந்தர வேலைகள் வழங்கப்பட வேண்டிய பல தற்காலிக தொழிலாளிகள் இங்கு இருக்கிறார்கள்.	நிரந்தர வேலைகள் வழங்கப்பட வேண்டிய பல தற்காலிக தொழிலாளிகள் இங்கு இரக்கக்கிறன் .	3sghe	1sg	3	sg	he
நிரந்தர வேலைகள் வழங்கப்பட வேண்டிய பல தற்காலிக தொழிலாளிகள் இங்கு இருக்கிறார்கள்.	நிரந்தர வேலைகள் வழங்கப்பட வேண்டிய பல தற்காலிக தொழிலாளிகள் இங்கு இருக்கிறாய் .	3sghe	2sg	3	sg	he
நிரந்தர வேலைகள் வழங்கப்பட வேண்டிய பல தற்காலிக தொழிலாளிகள் இங்கு இருக்கிறார்கள்.	நிரந்தர வேலைகள் வழங்கப்பட வேண்டிய பல தற்காலிக தொழிலாளிகள் இங்கு இரக்கக்கின்றாய் .	3sghe	2sg	3	sg	he
நிரந்தர வேலைகள் வழங்கப்பட வேண்டிய பல தற்காலிக தொழிலாளிகள் இங்கு இருக்கிறார்கள்.	நிரந்தர வேலைகள் வழங்கப்பட வேண்டிய பல தற்காலிக தொழிலாளிகள் இங்கு இரக்கக்கிறாய் .	3sghe	2sg	3	sg	he
நிரந்தர வேலைகள் வழங்கப்பட வேண்டிய பல தற்காலிக தொழிலாளிகள் இங்கு இருக்கிறார்கள்.	நிரந்தர வேலைகள் வழங்கப்பட வேண்டிய பல தற்காலிக தொழிலாளிகள் இங்கு இருக்கிறீர் .	3sghe	2sgh	3	sg	he
நிரந்தர வேலைகள் வழங்கப்பட வேண்டிய பல தற்காலிக தொழிலாளிகள் இங்கு இருக்கிறார்கள்.	நிரந்தர வேலைகள் வழங்கப்பட வேண்டிய பல தற்காலிக தொழிலாளிகள் இங்கு இரக்கக்கின்றீர் .	3sghe	2sgh	3	sg	he
நிரந்தர வேலைகள் வழங்கப்பட வேண்டிய பல தற்காலிக தொழிலாளிகள் இங்கு இருக்கிறார்கள்.	நிரந்தர வேலைகள் வழங்கப்பட வேண்டிய பல தற்காலிக தொழிலாளிகள் இங்கு இரக்கக்கிறீர் .	3sghe	2sgh	3	sg	he
நான் ஒரு வெல்டர், ஆனால் சரியான ஊதியம் கொடுக்கவில்லை," என்று அவர் கூறினார்.	நான் ஒரு வெல்டர் , ஆனால் சரியான ஊதியம் கெருடுக்கவ் இல்லை , " என்று அவர் கூறினோம் .	3sghe	1pl	3	sg	he
நான் ஒரு வெல்டர், ஆனால் சரியான ஊதியம் கொடுக்கவில்லை," என்று அவர் கூறினார்.	நான் ஒரு வெல்டர் , ஆனால் சரியான ஊதியம் கெருடுக்கவ் இல்லை , " என்று அவர் கூறினீர்கள் .	3sghe	2pl	3	sg	he
நான் ஒரு வெல்டர், ஆனால் சரியான ஊதியம் கொடுக்கவில்லை," என்று அவர் கூறினார்.	நான் ஒரு வெல்டர் , ஆனால் சரியான ஊதியம் கெருடுக்கவ் இல்லை , " என்று அவர் கூறினார்கள் .	3sghe	3ple	3	sg	he
நான் ஒரு வெல்டர், ஆனால் சரியான ஊதியம் கொடுக்கவில்லை," என்று அவர் கூறினார்.	நான் ஒரு வெல்டர் , ஆனால் சரியான ஊதியம் கெருடுக்கவ் இல்லை , " என்று அவர் கூறினன .	3sghe	3pln	3	sg	he
நான் ஒரு வெல்டர், ஆனால் சரியான ஊதியம் கொடுக்கவில்லை," என்று அவர் கூறினார்.	நான் ஒரு வெல்டர் , ஆனால் சரியான ஊதியம் கெருடுக்கவ் இல்லை , " என்று அவர் கூறினன் .	3sghe	1sg	3	sg	he
நான் ஒரு வெல்டர், ஆனால் சரியான ஊதியம் கொடுக்கவில்லை," என்று அவர் கூறினார்.	நான் ஒரு வெல்டர் , ஆனால் சரியான ஊதியம் கெருடுக்கவ் இல்லை , " என்று அவர் கூறின்றேன் .	3sghe	1sg	3	sg	he
நான் ஒரு வெல்டர், ஆனால் சரியான ஊதியம் கொடுக்கவில்லை," என்று அவர் கூறினார்.	நான் ஒரு வெல்டர் , ஆனால் சரியான ஊதியம் கெருடுக்கவ் இல்லை , " என்று அவர் கூறின்றன் .	3sghe	1sg	3	sg	he
நான் ஒரு வெல்டர், ஆனால் சரியான ஊதியம் கொடுக்கவில்லை," என்று அவர் கூறினார்.	நான் ஒரு வெல்டர் , ஆனால் சரியான ஊதியம் கெருடுக்கவ் இல்லை , " என்று அவர் கூறினாய் .	3sghe	2sg	3	sg	he
நான் ஒரு வெல்டர், ஆனால் சரியான ஊதியம் கொடுக்கவில்லை," என்று அவர் கூறினார்.	நான் ஒரு வெல்டர் , ஆனால் சரியான ஊதியம் கெருடுக்கவ் இல்லை , " என்று அவர் கூறினீர் .	3sghe	2sgh	3	sg	he
ஒரு பல்கலைக்கழக ஊழியரான கேசவன், இந்திய வாகன தொழிலாளர்கள் மீது சுமத்தப்பட்ட சிறைத் தண்டனைகளை கண்டனம் செய்தார்.	ஒரு பல்கலைக்கழக ஊழியரான கேசவன் , இந்திய வாகன தொழிலாளர்கள் மீது சுமத்தப்பட்ட சிறைத் தண்டனைகளை கண்டனம் செய்தோம் .	3sghe	1pl	3	sg	he
ஒரு பல்கலைக்கழக ஊழியரான கேசவன், இந்திய வாகன தொழிலாளர்கள் மீது சுமத்தப்பட்ட சிறைத் தண்டனைகளை கண்டனம் செய்தார்.	ஒரு பல்கலைக்கழக ஊழியரான கேசவன் , இந்திய வாகன தொழிலாளர்கள் மீது சுமத்தப்பட்ட சிறைத் தண்டனைகளை கண்டனம் செய்தீர்கள் .	3sghe	2pl	3	sg	he
ஒரு பல்கலைக்கழக ஊழியரான கேசவன், இந்திய வாகன தொழிலாளர்கள் மீது சுமத்தப்பட்ட சிறைத் தண்டனைகளை கண்டனம் செய்தார்.	ஒரு பல்கலைக்கழக ஊழியரான கேசவன் , இந்திய வாகன தொழிலாளர்கள் மீது சுமத்தப்பட்ட சிறைத் தண்டனைகளை கண்டனம் செய்தார்கள் .	3sghe	3ple	3	sg	he
ஒரு பல்கலைக்கழக ஊழியரான கேசவன், இந்திய வாகன தொழிலாளர்கள் மீது சுமத்தப்பட்ட சிறைத் தண்டனைகளை கண்டனம் செய்தார்.	ஒரு பல்கலைக்கழக ஊழியரான கேசவன் , இந்திய வாகன தொழிலாளர்கள் மீது சுமத்தப்பட்ட சிறைத் தண்டனைகளை கண்டனம் செய்தன .	3sghe	3pln	3	sg	he
ஒரு பல்கலைக்கழக ஊழியரான கேசவன், இந்திய வாகன தொழிலாளர்கள் மீது சுமத்தப்பட்ட சிறைத் தண்டனைகளை கண்டனம் செய்தார்.	ஒரு பல்கலைக்கழக ஊழியரான கேசவன் , இந்திய வாகன தொழிலாளர்கள் மீது சுமத்தப்பட்ட சிறைத் தண்டனைகளை கண்டனம் செய்தன் .	3sghe	1sg	3	sg	he
ஒரு பல்கலைக்கழக ஊழியரான கேசவன், இந்திய வாகன தொழிலாளர்கள் மீது சுமத்தப்பட்ட சிறைத் தண்டனைகளை கண்டனம் செய்தார்.	ஒரு பல்கலைக்கழக ஊழியரான கேசவன் , இந்திய வாகன தொழிலாளர்கள் மீது சுமத்தப்பட்ட சிறைத் தண்டனைகளை கண்டனம் செய்தாய் .	3sghe	2sg	3	sg	he
ஒரு பல்கலைக்கழக ஊழியரான கேசவன், இந்திய வாகன தொழிலாளர்கள் மீது சுமத்தப்பட்ட சிறைத் தண்டனைகளை கண்டனம் செய்தார்.	ஒரு பல்கலைக்கழக ஊழியரான கேசவன் , இந்திய வாகன தொழிலாளர்கள் மீது சுமத்தப்பட்ட சிறைத் தண்டனைகளை கண்டனம் செய்தீர் .	3sghe	2sgh	3	sg	he
இந்த ஜனநாயக விரோத நடவடிக்கையை நான் எதிர்க்கிறேன்.	இந்த ஜனநாயக விரோத நடவடிக்கையை நான் எதிர்க்கிறோம் .	1sg	1pl	1	sg	
இந்த ஜனநாயக விரோத நடவடிக்கையை நான் எதிர்க்கிறேன்.	இந்த ஜனநாயக விரோத நடவடிக்கையை நான் எதிர்க்கிறீர்கள் .	1sg	2pl	1	sg	
இந்த ஜனநாயக விரோத நடவடிக்கையை நான் எதிர்க்கிறேன்.	இந்த ஜனநாயக விரோத நடவடிக்கையை நான் எதிர்க்கிறார்கள் .	1sg	3ple	1	sg	
இந்த ஜனநாயக விரோத நடவடிக்கையை நான் எதிர்க்கிறேன்.	இந்த ஜனநாயக விரோத நடவடிக்கையை நான் எதிர்க்கிறன .	1sg	3pln	1	sg	
இந்த ஜனநாயக விரோத நடவடிக்கையை நான் எதிர்க்கிறேன்.	இந்த ஜனநாயக விரோத நடவடிக்கையை நான் எதிர்க்கிறாய் .	1sg	2sg	1	sg	
இந்த ஜனநாயக விரோத நடவடிக்கையை நான் எதிர்க்கிறேன்.	இந்த ஜனநாயக விரோத நடவடிக்கையை நான் எதிர்க்கிறீர் .	1sg	2sgh	1	sg	
இந்த ஜனநாயக விரோத நடவடிக்கையை நான் எதிர்க்கிறேன்.	இந்த ஜனநாயக விரோத நடவடிக்கையை நான் எதிர்க்கிறர் .	1sg	3sge	1	sg	
இந்த ஜனநாயக விரோத நடவடிக்கையை நான் எதிர்க்கிறேன்.	இந்த ஜனநாயக விரோத நடவடிக்கையை நான் எதிர்க்கிறாள் .	1sg	3sgf	1	sg	
இந்த ஜனநாயக விரோத நடவடிக்கையை நான் எதிர்க்கிறேன்.	இந்த ஜனநாயக விரோத நடவடிக்கையை நான் எதிர்க்கின்றார்கள் .	1sg	3sghe	1	sg	
இந்த ஜனநாயக விரோத நடவடிக்கையை நான் எதிர்க்கிறேன்.	இந்த ஜனநாயக விரோத நடவடிக்கையை நான் எதிர்க்கிறார் .	1sg	3sghe	1	sg	
இந்த ஜனநாயக விரோத நடவடிக்கையை நான் எதிர்க்கிறேன்.	இந்த ஜனநாயக விரோத நடவடிக்கையை நான் எதிர்க்கிறார்கள் .	1sg	3sghe	1	sg	
இந்த ஜனநாயக விரோத நடவடிக்கையை நான் எதிர்க்கிறேன்.	இந்த ஜனநாயக விரோத நடவடிக்கையை நான் எதிர்க்கிறான் .	1sg	3sgm	1	sg	
இந்த ஜனநாயக விரோத நடவடிக்கையை நான் எதிர்க்கிறேன்.	இந்த ஜனநாயக விரோத நடவடிக்கையை நான் எதிர்க்கிறது .	1sg	3sgn	1	sg	
என் பதவி உயர்வுக்கு அவர்கள் ஒரு பரீட்சையை நடத்தினர்.	என் பதவி உயர்வுக்கு அவர்கள் ஒரு பரீட்சையை நடத்தினோம் .	3sge	1pl	3	sg	e
என் பதவி உயர்வுக்கு அவர்கள் ஒரு பரீட்சையை நடத்தினர்.	என் பதவி உயர்வுக்கு அவர்கள் ஒரு பரீட்சையை நடத்தினீர்கள் .	3sge	2pl	3	sg	e
என் பதவி உயர்வுக்கு அவர்கள் ஒரு பரீட்சையை நடத்தினர்.	என் பதவி உயர்வுக்கு அவர்கள் ஒரு பரீட்சையை நடத்தினார்கள் .	3sge	3ple	3	sg	e
என் பதவி உயர்வுக்கு அவர்கள் ஒரு பரீட்சையை நடத்தினர்.	என் பதவி உயர்வுக்கு அவர்கள் ஒரு பரீட்சையை நடத்தினன .	3sge	3pln	3	sg	e
என் பதவி உயர்வுக்கு அவர்கள் ஒரு பரீட்சையை நடத்தினர்.	என் பதவி உயர்வுக்கு அவர்கள் ஒரு பரீட்சையை நடத்தினன் .	3sge	1sg	3	sg	e
என் பதவி உயர்வுக்கு அவர்கள் ஒரு பரீட்சையை நடத்தினர்.	என் பதவி உயர்வுக்கு அவர்கள் ஒரு பரீட்சையை நடத்தின்றேன் .	3sge	1sg	3	sg	e
என் பதவி உயர்வுக்கு அவர்கள் ஒரு பரீட்சையை நடத்தினர்.	என் பதவி உயர்வுக்கு அவர்கள் ஒரு பரீட்சையை நடத்தின்றன் .	3sge	1sg	3	sg	e
என் பதவி உயர்வுக்கு அவர்கள் ஒரு பரீட்சையை நடத்தினர்.	என் பதவி உயர்வுக்கு அவர்கள் ஒரு பரீட்சையை நடத்தினாய் .	3sge	2sg	3	sg	e
என் பதவி உயர்வுக்கு அவர்கள் ஒரு பரீட்சையை நடத்தினர்.	என் பதவி உயர்வுக்கு அவர்கள் ஒரு பரீட்சையை நடத்தினீர் .	3sge	2sgh	3	sg	e
நான் 2011ல் என் கல்வியை முடிக்க வேண்டியிருந்தது.	நான் 2011ல் என் கல்வியை முடிக்க வூண்டிய் இருந்தோம் .	3sgn	1pl	3	sg	n
நான் 2011ல் என் கல்வியை முடிக்க வேண்டியிருந்தது.	நான் 2011ல் என் கல்வியை முடிக்க வூண்டிய் இருந்தீர்கள் .	3sgn	2pl	3	sg	n
நான் 2011ல் என் கல்வியை முடிக்க வேண்டியிருந்தது.	நான் 2011ல் என் கல்வியை முடிக்க வூண்டிய் இருந்தார்கள் .	3sgn	3ple	3	sg	n
நான் 2011ல் என் கல்வியை முடிக்க வேண்டியிருந்தது.	நான் 2011ல் என் கல்வியை முடிக்க வூண்டிய் இருந்தன .	3sgn	3pln	3	sg	n
நான் 2011ல் என் கல்வியை முடிக்க வேண்டியிருந்தது.	நான் 2011ல் என் கல்வியை முடிக்க வூண்டிய் இருந்தாள் .	3sgn	3sgf	3	sg	n
நான் 2011ல் என் கல்வியை முடிக்க வேண்டியிருந்தது.	நான் 2011ல் என் கல்வியை முடிக்க வூண்டிய் இருந்தான் .	3sgn	3sgm	3	sg	n
நான் 2011ல் என் கல்வியை முடிக்க வேண்டியிருந்தது.	நான் 2011ல் என் கல்வியை முடிக்க வூண்டிய் இருத்தன் .	3sgn	1sg	3	sg	n
நான் 2011ல் என் கல்வியை முடிக்க வேண்டியிருந்தது.	நான் 2011ல் என் கல்வியை முடிக்க வூண்டிய் இருந்தேன் .	3sgn	1sg	3	sg	n
நான் 2011ல் என் கல்வியை முடிக்க வேண்டியிருந்தது.	நான் 2011ல் என் கல்வியை முடிக்க வூண்டிய் இருந்தன் .	3sgn	1sg	3	sg	n
நான் 2011ல் என் கல்வியை முடிக்க வேண்டியிருந்தது.	நான் 2011ல் என் கல்வியை முடிக்க வூண்டிய் இருந்தாய் .	3sgn	2sg	3	sg	n
நான் 2011ல் என் கல்வியை முடிக்க வேண்டியிருந்தது.	நான் 2011ல் என் கல்வியை முடிக்க வூண்டிய் இருந்தீர் .	3sgn	2sgh	3	sg	n
போர் மற்றும் வெள்ளம் காரணமாக நாங்கள் பல இடங்களுக்கு இடம்பெயர்ந்துள்ளோம், அதனால் நான் மேலும் ஒரு வருடத்திற்கு என் படிப்பை தொடர வேண்டியிருந்தது.	போர் மற்றும் வெள்ளம் காரணமாக நாங்கள் பல இடங்களுக்கு இடம்பெய்த் இர்த் உள்ளன , அதனால் நான் மேலும் ஒரு வருடத்திற்கு என் படிப்பை தொடர வூண்டிய் இருந்தோம் .	3sgn	1pl	3	sg	n
போர் மற்றும் வெள்ளம் காரணமாக நாங்கள் பல இடங்களுக்கு இடம்பெயர்ந்துள்ளோம், அதனால் நான் மேலும் ஒரு வருடத்திற்கு என் படிப்பை தொடர வேண்டியிருந்தது.	போர் மற்றும் வெள்ளம் காரணமாக நாங்கள் பல இடங்களுக்கு இடம்பெய்த் இர்த் உள்ளன , அதனால் நான் மேலும் ஒரு வருடத்திற்கு என் படிப்பை தொடர வூண்டிய் இருந்தீர்கள் .	3sgn	2pl	3	sg	n
போர் மற்றும் வெள்ளம் காரணமாக நாங்கள் பல இடங்களுக்கு இடம்பெயர்ந்துள்ளோம், அதனால் நான் மேலும் ஒரு வருடத்திற்கு என் படிப்பை தொடர வேண்டியிருந்தது.	போர் மற்றும் வெள்ளம் காரணமாக நாங்கள் பல இடங்களுக்கு இடம்பெய்த் இர்த் உள்ளன , அதனால் நான் மேலும் ஒரு வருடத்திற்கு என் படிப்பை தொடர வூண்டிய் இருந்தார்கள் .	3sgn	3ple	3	sg	n
போர் மற்றும் வெள்ளம் காரணமாக நாங்கள் பல இடங்களுக்கு இடம்பெயர்ந்துள்ளோம், அதனால் நான் மேலும் ஒரு வருடத்திற்கு என் படிப்பை தொடர வேண்டியிருந்தது.	போர் மற்றும் வெள்ளம் காரணமாக நாங்கள் பல இடங்களுக்கு இடம்பெய்த் இர்த் உள்ளன , அதனால் நான் மேலும் ஒரு வருடத்திற்கு என் படிப்பை தொடர வூண்டிய் இருந்தன .	3sgn	3pln	3	sg	n
போர் மற்றும் வெள்ளம் காரணமாக நாங்கள் பல இடங்களுக்கு இடம்பெயர்ந்துள்ளோம், அதனால் நான் மேலும் ஒரு வருடத்திற்கு என் படிப்பை தொடர வேண்டியிருந்தது.	போர் மற்றும் வெள்ளம் காரணமாக நாங்கள் பல இடங்களுக்கு இடம்பெய்த் இர்த் உள்ளன , அதனால் நான் மேலும் ஒரு வருடத்திற்கு என் படிப்பை தொடர வூண்டிய் இருந்தாள் .	3sgn	3sgf	3	sg	n
போர் மற்றும் வெள்ளம் காரணமாக நாங்கள் பல இடங்களுக்கு இடம்பெயர்ந்துள்ளோம், அதனால் நான் மேலும் ஒரு வருடத்திற்கு என் படிப்பை தொடர வேண்டியிருந்தது.	போர் மற்றும் வெள்ளம் காரணமாக நாங்கள் பல இடங்களுக்கு இடம்பெய்த் இர்த் உள்ளன , அதனால் நான் மேலும் ஒரு வருடத்திற்கு என் படிப்பை தொடர வூண்டிய் இருந்தான் .	3sgn	3sgm	3	sg	n
போர் மற்றும் வெள்ளம் காரணமாக நாங்கள் பல இடங்களுக்கு இடம்பெயர்ந்துள்ளோம், அதனால் நான் மேலும் ஒரு வருடத்திற்கு என் படிப்பை தொடர வேண்டியிருந்தது.	போர் மற்றும் வெள்ளம் காரணமாக நாங்கள் பல இடங்களுக்கு இடம்பெய்த் இர்த் உள்ளன , அதனால் நான் மேலும் ஒரு வருடத்திற்கு என் படிப்பை தொடர வூண்டிய் இருத்தன் .	3sgn	1sg	3	sg	n
போர் மற்றும் வெள்ளம் காரணமாக நாங்கள் பல இடங்களுக்கு இடம்பெயர்ந்துள்ளோம், அதனால் நான் மேலும் ஒரு வருடத்திற்கு என் படிப்பை தொடர வேண்டியிருந்தது.	போர் மற்றும் வெள்ளம் காரணமாக நாங்கள் பல இடங்களுக்கு இடம்பெய்த் இர்த் உள்ளன , அதனால் நான் மேலும் ஒரு வருடத்திற்கு என் படிப்பை தொடர வூண்டிய் இருந்தேன் .	3sgn	1sg	3	sg	n
போர் மற்றும் வெள்ளம் காரணமாக நாங்கள் பல இடங்களுக்கு இடம்பெயர்ந்துள்ளோம், அதனால் நான் மேலும் ஒரு வருடத்திற்கு என் படிப்பை தொடர வேண்டியிருந்தது.	போர் மற்றும் வெள்ளம் காரணமாக நாங்கள் பல இடங்களுக்கு இடம்பெய்த் இர்த் உள்ளன , அதனால் நான் மேலும் ஒரு வருடத்திற்கு என் படிப்பை தொடர வூண்டிய் இருந்தன் .	3sgn	1sg	3	sg	n
போர் மற்றும் வெள்ளம் காரணமாக நாங்கள் பல இடங்களுக்கு இடம்பெயர்ந்துள்ளோம், அதனால் நான் மேலும் ஒரு வருடத்திற்கு என் படிப்பை தொடர வேண்டியிருந்தது.	போர் மற்றும் வெள்ளம் காரணமாக நாங்கள் பல இடங்களுக்கு இடம்பெய்த் இர்த் உள்ளன , அதனால் நான் மேலும் ஒரு வருடத்திற்கு என் படிப்பை தொடர வூண்டிய் இருந்தாய் .	3sgn	2sg	3	sg	n
போர் மற்றும் வெள்ளம் காரணமாக நாங்கள் பல இடங்களுக்கு இடம்பெயர்ந்துள்ளோம், அதனால் நான் மேலும் ஒரு வருடத்திற்கு என் படிப்பை தொடர வேண்டியிருந்தது.	போர் மற்றும் வெள்ளம் காரணமாக நாங்கள் பல இடங்களுக்கு இடம்பெய்த் இர்த் உள்ளன , அதனால் நான் மேலும் ஒரு வருடத்திற்கு என் படிப்பை தொடர வூண்டிய் இருந்தீர் .	3sgn	2sgh	3	sg	n
ஐந்து ஆண்டுகளுக்கும் மேலாக நான் வேலையில்லாமல் இருந்தேன்.	ஐந்து ஆண்டுகளுக்க் உம் மேலாக நான் வேலையில்லாமல் இருந்தோம் .	1sg	1pl	1	sg	
ஐந்து ஆண்டுகளுக்கும் மேலாக நான் வேலையில்லாமல் இருந்தேன்.	ஐந்து ஆண்டுகளுக்க் உம் மேலாக நான் வேலையில்லாமல் இருந்தீர்கள் .	1sg	2pl	1	sg	
ஐந்து ஆண்டுகளுக்கும் மேலாக நான் வேலையில்லாமல் இருந்தேன்.	ஐந்து ஆண்டுகளுக்க் உம் மேலாக நான் வேலையில்லாமல் இருந்தார்கள் .	1sg	3ple	1	sg	
ஐந்து ஆண்டுகளுக்கும் மேலாக நான் வேலையில்லாமல் இருந்தேன்.	ஐந்து ஆண்டுகளுக்க் உம் மேலாக நான் வேலையில்லாமல் இருந்தன .	1sg	3pln	1	sg	
ஐந்து ஆண்டுகளுக்கும் மேலாக நான் வேலையில்லாமல் இருந்தேன்.	ஐந்து ஆண்டுகளுக்க் உம் மேலாக நான் வேலையில்லாமல் இருந்தாய் .	1sg	2sg	1	sg	
ஐந்து ஆண்டுகளுக்கும் மேலாக நான் வேலையில்லாமல் இருந்தேன்.	ஐந்து ஆண்டுகளுக்க் உம் மேலாக நான் வேலையில்லாமல் இருந்தீர் .	1sg	2sgh	1	sg	
ஐந்து ஆண்டுகளுக்கும் மேலாக நான் வேலையில்லாமல் இருந்தேன்.	ஐந்து ஆண்டுகளுக்க் உம் மேலாக நான் வேலையில்லாமல் இருந்தர் .	1sg	3sge	1	sg	
ஐந்து ஆண்டுகளுக்கும் மேலாக நான் வேலையில்லாமல் இருந்தேன்.	ஐந்து ஆண்டுகளுக்க் உம் மேலாக நான் வேலையில்லாமல் இருந்தாள் .	1sg	3sgf	1	sg	
ஐந்து ஆண்டுகளுக்கும் மேலாக நான் வேலையில்லாமல் இருந்தேன்.	ஐந்து ஆண்டுகளுக்க் உம் மேலாக நான் வேலையில்லாமல் இருத்தார்கள் .	1sg	3sghe	1	sg	
ஐந்து ஆண்டுகளுக்கும் மேலாக நான் வேலையில்லாமல் இருந்தேன்.	ஐந்து ஆண்டுகளுக்க் உம் மேலாக நான் வேலையில்லாமல் இருந்தார் .	1sg	3sghe	1	sg	
ஐந்து ஆண்டுகளுக்கும் மேலாக நான் வேலையில்லாமல் இருந்தேன்.	ஐந்து ஆண்டுகளுக்க் உம் மேலாக நான் வேலையில்லாமல் இருந்தார்கள் .	1sg	3sghe	1	sg	
ஐந்து ஆண்டுகளுக்கும் மேலாக நான் வேலையில்லாமல் இருந்தேன்.	ஐந்து ஆண்டுகளுக்க் உம் மேலாக நான் வேலையில்லாமல் இருந்தான் .	1sg	3sgm	1	sg	
ஐந்து ஆண்டுகளுக்கும் மேலாக நான் வேலையில்லாமல் இருந்தேன்.	ஐந்து ஆண்டுகளுக்க் உம் மேலாக நான் வேலையில்லாமல் இருந்தது .	1sg	3sgn	1	sg	
சென்னையிலுள்ள இந்திய இரயில்வேக்கு சொந்தமான ஒருங்கிணைந்த நான்கு சக்கர வண்டி தொழிற்சாலையின் (Integral Coach Factory-ICF) தொழிலாளர்களிடமும், மற்றும் ஏனைய போக்குவரத்து தொழிலாளர்களிடமும் உலக சோசலிச வலைத் தளத்தின் நிருபர்கள் கடந்த வாரம் பேசினர்.	சென்னையில் உள்ள இந்திய இரயில்வேக்கு சொந்தம் ஆன ஒருங்கிணைந்த நான்கு சக்கர வண்டி தொழிற்சாலையின் ( Integral Coach Factory-ICF ) தொழிலாளர்களிடம் உம் , மற்றும் ஏனைய போக்குவரத்து தொழிலாளர்களிடம் உம் உலக சோசலிச வலைத் தளத்தின் நிருபர்கள் கடந்த வாரம் பேசினோம் .	3sge	1pl	3	sg	e
சென்னையிலுள்ள இந்திய இரயில்வேக்கு சொந்தமான ஒருங்கிணைந்த நான்கு சக்கர வண்டி தொழிற்சாலையின் (Integral Coach Factory-ICF) தொழிலாளர்களிடமும், மற்றும் ஏனைய போக்குவரத்து தொழிலாளர்களிடமும் உலக சோசலிச வலைத் தளத்தின் நிருபர்கள் கடந்த வாரம் பேசினர்.	சென்னையில் உள்ள இந்திய இரயில்வேக்கு சொந்தம் ஆன ஒருங்கிணைந்த நான்கு சக்கர வண்டி தொழிற்சாலையின் ( Integral Coach Factory-ICF ) தொழிலாளர்களிடம் உம் , மற்றும் ஏனைய போக்குவரத்து தொழிலாளர்களிடம் உம் உலக சோசலிச வலைத் தளத்தின் நிருபர்கள் கடந்த வாரம் பேசினீர்கள் .	3sge	2pl	3	sg	e
சென்னையிலுள்ள இந்திய இரயில்வேக்கு சொந்தமான ஒருங்கிணைந்த நான்கு சக்கர வண்டி தொழிற்சாலையின் (Integral Coach Factory-ICF) தொழிலாளர்களிடமும், மற்றும் ஏனைய போக்குவரத்து தொழிலாளர்களிடமும் உலக சோசலிச வலைத் தளத்தின் நிருபர்கள் கடந்த வாரம் பேசினர்.	சென்னையில் உள்ள இந்திய இரயில்வேக்கு சொந்தம் ஆன ஒருங்கிணைந்த நான்கு சக்கர வண்டி தொழிற்சாலையின் ( Integral Coach Factory-ICF ) தொழிலாளர்களிடம் உம் , மற்றும் ஏனைய போக்குவரத்து தொழிலாளர்களிடம் உம் உலக சோசலிச வலைத் தளத்தின் நிருபர்கள் கடந்த வாரம் பேசினார்கள் .	3sge	3ple	3	sg	e
சென்னையிலுள்ள இந்திய இரயில்வேக்கு சொந்தமான ஒருங்கிணைந்த நான்கு சக்கர வண்டி தொழிற்சாலையின் (Integral Coach Factory-ICF) தொழிலாளர்களிடமும், மற்றும் ஏனைய போக்குவரத்து தொழிலாளர்களிடமும் உலக சோசலிச வலைத் தளத்தின் நிருபர்கள் கடந்த வாரம் பேசினர்.	சென்னையில் உள்ள இந்திய இரயில்வேக்கு சொந்தம் ஆன ஒருங்கிணைந்த நான்கு சக்கர வண்டி தொழிற்சாலையின் ( Integral Coach Factory-ICF ) தொழிலாளர்களிடம் உம் , மற்றும் ஏனைய போக்குவரத்து தொழிலாளர்களிடம் உம் உலக சோசலிச வலைத் தளத்தின் நிருபர்கள் கடந்த வாரம் பேசினன .	3sge	3pln	3	sg	e
சென்னையிலுள்ள இந்திய இரயில்வேக்கு சொந்தமான ஒருங்கிணைந்த நான்கு சக்கர வண்டி தொழிற்சாலையின் (Integral Coach Factory-ICF) தொழிலாளர்களிடமும், மற்றும் ஏனைய போக்குவரத்து தொழிலாளர்களிடமும் உலக சோசலிச வலைத் தளத்தின் நிருபர்கள் கடந்த வாரம் பேசினர்.	சென்னையில் உள்ள இந்திய இரயில்வேக்கு சொந்தம் ஆன ஒருங்கிணைந்த நான்கு சக்கர வண்டி தொழிற்சாலையின் ( Integral Coach Factory-ICF ) தொழிலாளர்களிடம் உம் , மற்றும் ஏனைய போக்குவரத்து தொழிலாளர்களிடம் உம் உலக சோசலிச வலைத் தளத்தின் நிருபர்கள் கடந்த வாரம் பேசினன் .	3sge	1sg	3	sg	e
சென்னையிலுள்ள இந்திய இரயில்வேக்கு சொந்தமான ஒருங்கிணைந்த நான்கு சக்கர வண்டி தொழிற்சாலையின் (Integral Coach Factory-ICF) தொழிலாளர்களிடமும், மற்றும் ஏனைய போக்குவரத்து தொழிலாளர்களிடமும் உலக சோசலிச வலைத் தளத்தின் நிருபர்கள் கடந்த வாரம் பேசினர்.	சென்னையில் உள்ள இந்திய இரயில்வேக்கு சொந்தம் ஆன ஒருங்கிணைந்த நான்கு சக்கர வண்டி தொழிற்சாலையின் ( Integral Coach Factory-ICF ) தொழிலாளர்களிடம் உம் , மற்றும் ஏனைய போக்குவரத்து தொழிலாளர்களிடம் உம் உலக சோசலிச வலைத் தளத்தின் நிருபர்கள் கடந்த வாரம் பேசின்றேன் .	3sge	1sg	3	sg	e
சென்னையிலுள்ள இந்திய இரயில்வேக்கு சொந்தமான ஒருங்கிணைந்த நான்கு சக்கர வண்டி தொழிற்சாலையின் (Integral Coach Factory-ICF) தொழிலாளர்களிடமும், மற்றும் ஏனைய போக்குவரத்து தொழிலாளர்களிடமும் உலக சோசலிச வலைத் தளத்தின் நிருபர்கள் கடந்த வாரம் பேசினர்.	சென்னையில் உள்ள இந்திய இரயில்வேக்கு சொந்தம் ஆன ஒருங்கிணைந்த நான்கு சக்கர வண்டி தொழிற்சாலையின் ( Integral Coach Factory-ICF ) தொழிலாளர்களிடம் உம் , மற்றும் ஏனைய போக்குவரத்து தொழிலாளர்களிடம் உம் உலக சோசலிச வலைத் தளத்தின் நிருபர்கள் கடந்த வாரம் பேசின்றன் .	3sge	1sg	3	sg	e
சென்னையிலுள்ள இந்திய இரயில்வேக்கு சொந்தமான ஒருங்கிணைந்த நான்கு சக்கர வண்டி தொழிற்சாலையின் (Integral Coach Factory-ICF) தொழிலாளர்களிடமும், மற்றும் ஏனைய போக்குவரத்து தொழிலாளர்களிடமும் உலக சோசலிச வலைத் தளத்தின் நிருபர்கள் கடந்த வாரம் பேசினர்.	சென்னையில் உள்ள இந்திய இரயில்வேக்கு சொந்தம் ஆன ஒருங்கிணைந்த நான்கு சக்கர வண்டி தொழிற்சாலையின் ( Integral Coach Factory-ICF ) தொழிலாளர்களிடம் உம் , மற்றும் ஏனைய போக்குவரத்து தொழிலாளர்களிடம் உம் உலக சோசலிச வலைத் தளத்தின் நிருபர்கள் கடந்த வாரம் பேசினாய் .	3sge	2sg	3	sg	e
சென்னையிலுள்ள இந்திய இரயில்வேக்கு சொந்தமான ஒருங்கிணைந்த நான்கு சக்கர வண்டி தொழிற்சாலையின் (Integral Coach Factory-ICF) தொழிலாளர்களிடமும், மற்றும் ஏனைய போக்குவரத்து தொழிலாளர்களிடமும் உலக சோசலிச வலைத் தளத்தின் நிருபர்கள் கடந்த வாரம் பேசினர்.	சென்னையில் உள்ள இந்திய இரயில்வேக்கு சொந்தம் ஆன ஒருங்கிணைந்த நான்கு சக்கர வண்டி தொழிற்சாலையின் ( Integral Coach Factory-ICF ) தொழிலாளர்களிடம் உம் , மற்றும் ஏனைய போக்குவரத்து தொழிலாளர்களிடம் உம் உலக சோசலிச வலைத் தளத்தின் நிருபர்கள் கடந்த வாரம் பேசினீர் .	3sge	2sgh	3	sg	e
இந்திய மார்க்சிச கம்யூனிஸ்ட் கட்சி (CPM) மற்றும் இந்திய கம்யூனிஸ்ட் கட்சி (CPI) ஆகிய இந்திய ஸ்ராலினிச கட்சிகளுடன் இணைந்த தொழிற்சங்கங்கள் இது தொடர்பாக வகித்த பாத்திரம் பற்றி கருத்து தெரிவிக்கும்போது ரவி பின்வருமாறு கூறினார்:	இந்திய மார்க்சிச கம்யூனிஸ்ட் கட்சி ( CPM ) மற்றும் இந்திய கம்யூனிஸ்ட் கட்சி ( CPI ) ஆகிய இந்திய ஸ்ராலினிச கட்சிகளுட் உடன் இணைந்த தொழிற்சங்கங்கள் இது தொடர்பாக வகித்த பாத்திரம் பற்றி கருத்து தெரிவிக்கும்போது ரவி பின்வரும் ஆறு கூறினோம் : .	3sghe	1pl	3	sg	he
இந்திய மார்க்சிச கம்யூனிஸ்ட் கட்சி (CPM) மற்றும் இந்திய கம்யூனிஸ்ட் கட்சி (CPI) ஆகிய இந்திய ஸ்ராலினிச கட்சிகளுடன் இணைந்த தொழிற்சங்கங்கள் இது தொடர்பாக வகித்த பாத்திரம் பற்றி கருத்து தெரிவிக்கும்போது ரவி பின்வருமாறு கூறினார்:	இந்திய மார்க்சிச கம்யூனிஸ்ட் கட்சி ( CPM ) மற்றும் இந்திய கம்யூனிஸ்ட் கட்சி ( CPI ) ஆகிய இந்திய ஸ்ராலினிச கட்சிகளுட் உடன் இணைந்த தொழிற்சங்கங்கள் இது தொடர்பாக வகித்த பாத்திரம் பற்றி கருத்து தெரிவிக்கும்போது ரவி பின்வரும் ஆறு கூறினீர்கள் : .	3sghe	2pl	3	sg	he
இந்திய மார்க்சிச கம்யூனிஸ்ட் கட்சி (CPM) மற்றும் இந்திய கம்யூனிஸ்ட் கட்சி (CPI) ஆகிய இந்திய ஸ்ராலினிச கட்சிகளுடன் இணைந்த தொழிற்சங்கங்கள் இது தொடர்பாக வகித்த பாத்திரம் பற்றி கருத்து தெரிவிக்கும்போது ரவி பின்வருமாறு கூறினார்:	இந்திய மார்க்சிச கம்யூனிஸ்ட் கட்சி ( CPM ) மற்றும் இந்திய கம்யூனிஸ்ட் கட்சி ( CPI ) ஆகிய இந்திய ஸ்ராலினிச கட்சிகளுட் உடன் இணைந்த தொழிற்சங்கங்கள் இது தொடர்பாக வகித்த பாத்திரம் பற்றி கருத்து தெரிவிக்கும்போது ரவி பின்வரும் ஆறு கூறினார்கள் : .	3sghe	3ple	3	sg	he
இந்திய மார்க்சிச கம்யூனிஸ்ட் கட்சி (CPM) மற்றும் இந்திய கம்யூனிஸ்ட் கட்சி (CPI) ஆகிய இந்திய ஸ்ராலினிச கட்சிகளுடன் இணைந்த தொழிற்சங்கங்கள் இது தொடர்பாக வகித்த பாத்திரம் பற்றி கருத்து தெரிவிக்கும்போது ரவி பின்வருமாறு கூறினார்:	இந்திய மார்க்சிச கம்யூனிஸ்ட் கட்சி ( CPM ) மற்றும் இந்திய கம்யூனிஸ்ட் கட்சி ( CPI ) ஆகிய இந்திய ஸ்ராலினிச கட்சிகளுட் உடன் இணைந்த தொழிற்சங்கங்கள் இது தொடர்பாக வகித்த பாத்திரம் பற்றி கருத்து தெரிவிக்கும்போது ரவி பின்வரும் ஆறு கூறினன : .	3sghe	3pln	3	sg	he
